Distribution,Noise_Scenario,Eval_Mode,Chunk_Size,Target_Alpha,Target_Coverage_Pct,Target_Tail_FAR_Pct,Method,Empirical_Coverage_Pct,Left_FAR_Pct,Right_FAR_Pct,Mean_Interval_Width,Sigma_L_Stability,Sigma_R_Stability,Noise_Sensitivity_Ratio_NSR,Latency_per_Chunk_ms
F-Distribution,Scenario A (Clean),In-Sample Adaptation,50,0.05,95.0,2.5,Traditional Offline,94.91,2.59,2.5,4.0397,0.0069,0.1317,1.0,0.3454
F-Distribution,Scenario A (Clean),One-Step-Ahead Pre-Sequential,50,0.05,95.0,2.5,Traditional Offline,94.84,2.64,2.52,4.0337,0.0083,0.1541,1.0,0.3454
F-Distribution,Scenario A (Clean),In-Sample Adaptation,50,0.05,95.0,2.5,Cumulative Online,100.0,0.0,0.0,11.0953,0.0122,1.5813,1.0,4.7019
F-Distribution,Scenario A (Clean),One-Step-Ahead Pre-Sequential,50,0.05,95.0,2.5,Cumulative Online,99.85,0.06,0.09,11.0468,0.0192,1.6768,1.0,4.7019
F-Distribution,Scenario A (Clean),In-Sample Adaptation,50,0.05,95.0,2.5,Proposed RBULT,91.44,3.01,5.55,2.9464,0.0,0.0,1.0002,0.9853
F-Distribution,Scenario A (Clean),One-Step-Ahead Pre-Sequential,50,0.05,95.0,2.5,Proposed RBULT,91.41,3.03,5.56,2.9459,0.0039,0.0036,1.0002,0.9853
F-Distribution,Scenario A (Clean),In-Sample Adaptation,50,0.01,99.0,0.5,Traditional Offline,98.97,0.46,0.57,6.219,0.0101,0.2871,1.0,0.3431
F-Distribution,Scenario A (Clean),One-Step-Ahead Pre-Sequential,50,0.01,99.0,0.5,Traditional Offline,98.88,0.48,0.64,6.2067,0.0131,0.3257,1.0,0.3431
F-Distribution,Scenario A (Clean),In-Sample Adaptation,50,0.01,99.0,0.5,Cumulative Online,100.0,0.0,0.0,11.0953,0.0123,1.5813,1.0,4.7071
F-Distribution,Scenario A (Clean),One-Step-Ahead Pre-Sequential,50,0.01,99.0,0.5,Cumulative Online,99.87,0.05,0.08,11.0522,0.017,1.6537,1.0,4.7071
F-Distribution,Scenario A (Clean),In-Sample Adaptation,50,0.01,99.0,0.5,Proposed RBULT,91.45,3.01,5.54,2.9485,0.0,0.0,1.0012,0.9866
F-Distribution,Scenario A (Clean),One-Step-Ahead Pre-Sequential,50,0.01,99.0,0.5,Proposed RBULT,91.44,3.02,5.54,2.9534,0.0009,0.0689,1.0012,0.9866
F-Distribution,Scenario A (Clean),In-Sample Adaptation,100,0.05,95.0,2.5,Traditional Offline,94.96,2.57,2.47,4.0433,0.0059,0.1148,1.0,0.3517
F-Distribution,Scenario A (Clean),One-Step-Ahead Pre-Sequential,100,0.05,95.0,2.5,Traditional Offline,94.88,2.62,2.5,4.046,0.0067,0.1187,1.0,0.3517
F-Distribution,Scenario A (Clean),In-Sample Adaptation,100,0.05,95.0,2.5,Cumulative Online,100.0,0.0,0.0,11.1253,0.0056,1.5164,1.0,7.5858
F-Distribution,Scenario A (Clean),One-Step-Ahead Pre-Sequential,100,0.05,95.0,2.5,Cumulative Online,99.88,0.05,0.07,11.0432,0.0185,1.6472,1.0,7.5858
F-Distribution,Scenario A (Clean),In-Sample Adaptation,100,0.05,95.0,2.5,Proposed RBULT,98.12,0.04,1.84,4.5687,0.0,0.0,1.0003,1.9934
F-Distribution,Scenario A (Clean),One-Step-Ahead Pre-Sequential,100,0.05,95.0,2.5,Proposed RBULT,98.08,0.07,1.85,4.5662,0.0163,0.0088,1.0002,1.9934
F-Distribution,Scenario A (Clean),In-Sample Adaptation,100,0.01,99.0,0.5,Traditional Offline,99.0,0.44,0.56,6.2296,0.0057,0.2597,1.0,0.3469
F-Distribution,Scenario A (Clean),One-Step-Ahead Pre-Sequential,100,0.01,99.0,0.5,Traditional Offline,98.95,0.45,0.6,6.2359,0.006,0.2713,1.0,0.3469
F-Distribution,Scenario A (Clean),In-Sample Adaptation,100,0.01,99.0,0.5,Cumulative Online,100.0,0.0,0.0,11.1253,0.0056,1.5164,1.0,7.6215
F-Distribution,Scenario A (Clean),One-Step-Ahead Pre-Sequential,100,0.01,99.0,0.5,Cumulative Online,99.92,0.03,0.05,11.0702,0.0087,1.5622,1.0,7.6215
F-Distribution,Scenario A (Clean),In-Sample Adaptation,100,0.01,99.0,0.5,Proposed RBULT,98.11,0.04,1.85,4.5667,0.0,0.0,0.9999,1.9926
F-Distribution,Scenario A (Clean),One-Step-Ahead Pre-Sequential,100,0.01,99.0,0.5,Proposed RBULT,98.11,0.05,1.84,4.5912,0.0054,0.2491,0.9999,1.9926
F-Distribution,Scenario A (Clean),In-Sample Adaptation,500,0.05,95.0,2.5,Traditional Offline,94.9,2.57,2.53,4.0219,0.0042,0.1205,1.0,0.3744
F-Distribution,Scenario A (Clean),One-Step-Ahead Pre-Sequential,500,0.05,95.0,2.5,Traditional Offline,94.83,2.59,2.58,3.9966,0.0049,0.1579,1.0,0.3744
F-Distribution,Scenario A (Clean),In-Sample Adaptation,500,0.05,95.0,2.5,Cumulative Online,100.0,0.0,0.0,11.246,0.0047,1.5009,1.0,39.4255
F-Distribution,Scenario A (Clean),One-Step-Ahead Pre-Sequential,500,0.05,95.0,2.5,Cumulative Online,99.68,0.15,0.17,10.7967,0.0344,2.1968,1.0,39.4255
F-Distribution,Scenario A (Clean),In-Sample Adaptation,500,0.05,95.0,2.5,Proposed RBULT,97.3,0.04,2.66,4.0966,0.0,0.0,1.0015,10.4518
F-Distribution,Scenario A (Clean),One-Step-Ahead Pre-Sequential,500,0.05,95.0,2.5,Proposed RBULT,97.15,0.17,2.68,4.0688,0.0311,0.0901,1.0014,10.4518
F-Distribution,Scenario A (Clean),In-Sample Adaptation,500,0.01,99.0,0.5,Traditional Offline,98.99,0.43,0.58,6.1976,0.0035,0.2999,1.0,0.3736
F-Distribution,Scenario A (Clean),One-Step-Ahead Pre-Sequential,500,0.01,99.0,0.5,Traditional Offline,98.9,0.43,0.67,6.1376,0.0036,0.3691,1.0,0.3736
F-Distribution,Scenario A (Clean),In-Sample Adaptation,500,0.01,99.0,0.5,Cumulative Online,100.0,0.0,0.0,11.246,0.0047,1.5009,1.0,39.1974
F-Distribution,Scenario A (Clean),One-Step-Ahead Pre-Sequential,500,0.01,99.0,0.5,Cumulative Online,99.88,0.05,0.07,10.8789,0.0109,1.9616,1.0,39.1974
F-Distribution,Scenario A (Clean),In-Sample Adaptation,500,0.01,99.0,0.5,Proposed RBULT,97.3,0.04,2.66,4.0906,0.0,0.0,0.9996,10.4693
F-Distribution,Scenario A (Clean),One-Step-Ahead Pre-Sequential,500,0.01,99.0,0.5,Proposed RBULT,97.35,0.07,2.58,4.1453,0.0066,0.2449,0.9996,10.4693
F-Distribution,Scenario B1 (GAWN Noise 0.1sigma),In-Sample Adaptation,50,0.05,95.0,2.5,Traditional Offline,94.85,2.64,2.51,4.0944,0.0058,0.129,1.0135,0.3468
F-Distribution,Scenario B1 (GAWN Noise 0.1sigma),One-Step-Ahead Pre-Sequential,50,0.05,95.0,2.5,Traditional Offline,94.77,2.69,2.54,4.0884,0.0058,0.1533,1.0135,0.3468
F-Distribution,Scenario B1 (GAWN Noise 0.1sigma),In-Sample Adaptation,50,0.05,95.0,2.5,Cumulative Online,100.0,0.0,0.0,11.3425,0.0189,1.5404,1.0223,4.2606
F-Distribution,Scenario B1 (GAWN Noise 0.1sigma),One-Step-Ahead Pre-Sequential,50,0.05,95.0,2.5,Cumulative Online,99.86,0.04,0.1,11.2933,0.0299,1.6399,1.0223,4.2606
F-Distribution,Scenario B1 (GAWN Noise 0.1sigma),In-Sample Adaptation,50,0.05,95.0,2.5,Proposed RBULT,93.08,1.3,5.62,3.037,0.0,0.0,1.0309,0.9826
F-Distribution,Scenario B1 (GAWN Noise 0.1sigma),One-Step-Ahead Pre-Sequential,50,0.05,95.0,2.5,Proposed RBULT,93.05,1.32,5.63,3.0363,0.0056,0.0034,1.0309,0.9826
F-Distribution,Scenario B1 (GAWN Noise 0.1sigma),In-Sample Adaptation,50,0.01,99.0,0.5,Traditional Offline,98.91,0.53,0.56,6.323,0.0143,0.309,1.0167,0.346
F-Distribution,Scenario B1 (GAWN Noise 0.1sigma),One-Step-Ahead Pre-Sequential,50,0.01,99.0,0.5,Traditional Offline,98.8,0.57,0.63,6.3098,0.0155,0.3515,1.0166,0.346
F-Distribution,Scenario B1 (GAWN Noise 0.1sigma),In-Sample Adaptation,50,0.01,99.0,0.5,Cumulative Online,100.0,0.0,0.0,11.343,0.0187,1.5404,1.0223,4.2734
F-Distribution,Scenario B1 (GAWN Noise 0.1sigma),One-Step-Ahead Pre-Sequential,50,0.01,99.0,0.5,Cumulative Online,99.88,0.03,0.09,11.2986,0.0265,1.6192,1.0223,4.2734
F-Distribution,Scenario B1 (GAWN Noise 0.1sigma),In-Sample Adaptation,50,0.01,99.0,0.5,Proposed RBULT,93.07,1.3,5.63,3.035,0.0,0.0,1.0306,0.9834
F-Distribution,Scenario B1 (GAWN Noise 0.1sigma),One-Step-Ahead Pre-Sequential,50,0.01,99.0,0.5,Proposed RBULT,93.06,1.31,5.63,3.0391,0.0011,0.0591,1.0303,0.9834
F-Distribution,Scenario B1 (GAWN Noise 0.1sigma),In-Sample Adaptation,100,0.05,95.0,2.5,Traditional Offline,94.9,2.63,2.47,4.1012,0.0058,0.1077,1.0143,0.347
F-Distribution,Scenario B1 (GAWN Noise 0.1sigma),One-Step-Ahead Pre-Sequential,100,0.05,95.0,2.5,Traditional Offline,94.78,2.68,2.54,4.1039,0.0069,0.1107,1.0143,0.347
F-Distribution,Scenario B1 (GAWN Noise 0.1sigma),In-Sample Adaptation,100,0.05,95.0,2.5,Cumulative Online,100.0,0.0,0.0,11.3751,0.005,1.4683,1.0225,6.6523
F-Distribution,Scenario B1 (GAWN Noise 0.1sigma),One-Step-Ahead Pre-Sequential,100,0.05,95.0,2.5,Cumulative Online,99.89,0.04,0.07,11.2917,0.0287,1.606,1.0225,6.6523
F-Distribution,Scenario B1 (GAWN Noise 0.1sigma),In-Sample Adaptation,100,0.05,95.0,2.5,Proposed RBULT,98.16,0.01,1.83,4.83,0.0,0.0,1.0575,1.9853
F-Distribution,Scenario B1 (GAWN Noise 0.1sigma),One-Step-Ahead Pre-Sequential,100,0.05,95.0,2.5,Proposed RBULT,98.12,0.04,1.84,4.8257,0.0278,0.0155,1.0571,1.9853
F-Distribution,Scenario B1 (GAWN Noise 0.1sigma),In-Sample Adaptation,100,0.01,99.0,0.5,Traditional Offline,98.93,0.52,0.55,6.3348,0.0149,0.2767,1.0169,0.3468
F-Distribution,Scenario B1 (GAWN Noise 0.1sigma),One-Step-Ahead Pre-Sequential,100,0.01,99.0,0.5,Traditional Offline,98.84,0.57,0.59,6.3419,0.0159,0.288,1.017,0.3468
F-Distribution,Scenario B1 (GAWN Noise 0.1sigma),In-Sample Adaptation,100,0.01,99.0,0.5,Cumulative Online,100.0,0.0,0.0,11.3737,0.0066,1.4683,1.0223,6.6646
F-Distribution,Scenario B1 (GAWN Noise 0.1sigma),One-Step-Ahead Pre-Sequential,100,0.01,99.0,0.5,Cumulative Online,99.93,0.02,0.05,11.3185,0.0144,1.5157,1.0224,6.6646
F-Distribution,Scenario B1 (GAWN Noise 0.1sigma),In-Sample Adaptation,100,0.01,99.0,0.5,Proposed RBULT,98.18,0.01,1.81,4.8302,0.0,0.0,1.0576,1.9817
F-Distribution,Scenario B1 (GAWN Noise 0.1sigma),One-Step-Ahead Pre-Sequential,100,0.01,99.0,0.5,Proposed RBULT,98.18,0.02,1.8,4.854,0.0121,0.2487,1.0572,1.9817
F-Distribution,Scenario B1 (GAWN Noise 0.1sigma),In-Sample Adaptation,500,0.05,95.0,2.5,Traditional Offline,94.82,2.67,2.51,4.0816,0.0044,0.1162,1.0148,0.3706
F-Distribution,Scenario B1 (GAWN Noise 0.1sigma),One-Step-Ahead Pre-Sequential,500,0.05,95.0,2.5,Traditional Offline,94.67,2.74,2.59,4.057,0.0041,0.1522,1.0151,0.3706
F-Distribution,Scenario B1 (GAWN Noise 0.1sigma),In-Sample Adaptation,500,0.05,95.0,2.5,Cumulative Online,100.0,0.0,0.0,11.4878,0.0062,1.4558,1.0215,34.2907
F-Distribution,Scenario B1 (GAWN Noise 0.1sigma),One-Step-Ahead Pre-Sequential,500,0.05,95.0,2.5,Cumulative Online,99.69,0.14,0.17,11.0324,0.0707,2.1658,1.0218,34.2907
F-Distribution,Scenario B1 (GAWN Noise 0.1sigma),In-Sample Adaptation,500,0.05,95.0,2.5,Proposed RBULT,97.55,0.01,2.44,4.4447,0.0,0.0,1.0866,10.1925
F-Distribution,Scenario B1 (GAWN Noise 0.1sigma),One-Step-Ahead Pre-Sequential,500,0.05,95.0,2.5,Proposed RBULT,97.38,0.14,2.48,4.4038,0.069,0.1094,1.0839,10.1925
F-Distribution,Scenario B1 (GAWN Noise 0.1sigma),In-Sample Adaptation,500,0.01,99.0,0.5,Traditional Offline,98.93,0.51,0.56,6.3054,0.0107,0.3117,1.0174,0.3714
F-Distribution,Scenario B1 (GAWN Noise 0.1sigma),One-Step-Ahead Pre-Sequential,500,0.01,99.0,0.5,Traditional Offline,98.8,0.55,0.65,6.2493,0.0119,0.3706,1.0182,0.3714
F-Distribution,Scenario B1 (GAWN Noise 0.1sigma),In-Sample Adaptation,500,0.01,99.0,0.5,Cumulative Online,100.0,0.0,0.0,11.4874,0.0068,1.4558,1.0215,34.2544
F-Distribution,Scenario B1 (GAWN Noise 0.1sigma),One-Step-Ahead Pre-Sequential,500,0.01,99.0,0.5,Cumulative Online,99.89,0.04,0.07,11.1194,0.0345,1.9199,1.0221,34.2544
F-Distribution,Scenario B1 (GAWN Noise 0.1sigma),In-Sample Adaptation,500,0.01,99.0,0.5,Proposed RBULT,97.55,0.01,2.44,4.441,0.0,0.0,1.0852,10.194
F-Distribution,Scenario B1 (GAWN Noise 0.1sigma),One-Step-Ahead Pre-Sequential,500,0.01,99.0,0.5,Proposed RBULT,97.58,0.04,2.38,4.4878,0.0322,0.2361,1.0822,10.194
F-Distribution,Scenario B2 (GAWN Noise 0.2sigma),In-Sample Adaptation,50,0.05,95.0,2.5,Traditional Offline,94.76,2.68,2.56,4.203,0.0147,0.1381,1.0404,0.3456
F-Distribution,Scenario B2 (GAWN Noise 0.2sigma),One-Step-Ahead Pre-Sequential,50,0.05,95.0,2.5,Traditional Offline,94.73,2.69,2.58,4.1971,0.0152,0.162,1.0405,0.3456
F-Distribution,Scenario B2 (GAWN Noise 0.2sigma),In-Sample Adaptation,50,0.05,95.0,2.5,Cumulative Online,100.0,0.0,0.0,11.6679,0.0648,1.4968,1.0516,4.2988
F-Distribution,Scenario B2 (GAWN Noise 0.2sigma),One-Step-Ahead Pre-Sequential,50,0.05,95.0,2.5,Cumulative Online,99.85,0.06,0.09,11.6178,0.0719,1.6008,1.0517,4.2988
F-Distribution,Scenario B2 (GAWN Noise 0.2sigma),In-Sample Adaptation,50,0.05,95.0,2.5,Proposed RBULT,92.68,1.43,5.89,3.1424,0.0,0.0,1.0667,0.9888
F-Distribution,Scenario B2 (GAWN Noise 0.2sigma),One-Step-Ahead Pre-Sequential,50,0.05,95.0,2.5,Proposed RBULT,92.65,1.45,5.9,3.142,0.0026,0.0034,1.0667,0.9888
F-Distribution,Scenario B2 (GAWN Noise 0.2sigma),In-Sample Adaptation,50,0.01,99.0,0.5,Traditional Offline,98.94,0.5,0.56,6.5313,0.0185,0.3206,1.0502,0.3438
F-Distribution,Scenario B2 (GAWN Noise 0.2sigma),One-Step-Ahead Pre-Sequential,50,0.01,99.0,0.5,Traditional Offline,98.83,0.55,0.62,6.5169,0.0205,0.3683,1.05,0.3438
F-Distribution,Scenario B2 (GAWN Noise 0.2sigma),In-Sample Adaptation,50,0.01,99.0,0.5,Cumulative Online,100.0,0.0,0.0,11.6693,0.0633,1.4968,1.0517,4.3508
F-Distribution,Scenario B2 (GAWN Noise 0.2sigma),One-Step-Ahead Pre-Sequential,50,0.01,99.0,0.5,Cumulative Online,99.87,0.05,0.08,11.6232,0.0695,1.5828,1.0517,4.3508
F-Distribution,Scenario B2 (GAWN Noise 0.2sigma),In-Sample Adaptation,50,0.01,99.0,0.5,Proposed RBULT,92.69,1.4,5.91,3.1416,0.0,0.0,1.0668,0.9857
F-Distribution,Scenario B2 (GAWN Noise 0.2sigma),One-Step-Ahead Pre-Sequential,50,0.01,99.0,0.5,Proposed RBULT,92.68,1.41,5.91,3.145,0.0004,0.0489,1.0662,0.9857
F-Distribution,Scenario B2 (GAWN Noise 0.2sigma),In-Sample Adaptation,100,0.05,95.0,2.5,Traditional Offline,94.8,2.68,2.52,4.211,0.0143,0.1137,1.0415,0.3482
F-Distribution,Scenario B2 (GAWN Noise 0.2sigma),One-Step-Ahead Pre-Sequential,100,0.05,95.0,2.5,Traditional Offline,94.76,2.68,2.56,4.2139,0.0165,0.116,1.0415,0.3482
F-Distribution,Scenario B2 (GAWN Noise 0.2sigma),In-Sample Adaptation,100,0.05,95.0,2.5,Cumulative Online,100.0,0.0,0.0,11.6996,0.0604,1.4161,1.0516,6.7572
F-Distribution,Scenario B2 (GAWN Noise 0.2sigma),One-Step-Ahead Pre-Sequential,100,0.05,95.0,2.5,Cumulative Online,99.89,0.05,0.06,11.6143,0.0728,1.5616,1.0517,6.7572
F-Distribution,Scenario B2 (GAWN Noise 0.2sigma),In-Sample Adaptation,100,0.05,95.0,2.5,Proposed RBULT,98.54,0.02,1.44,5.3975,0.0,0.0,1.1817,1.9463
F-Distribution,Scenario B2 (GAWN Noise 0.2sigma),One-Step-Ahead Pre-Sequential,100,0.05,95.0,2.5,Proposed RBULT,98.49,0.05,1.46,5.3888,0.0335,0.053,1.1804,1.9463
F-Distribution,Scenario B2 (GAWN Noise 0.2sigma),In-Sample Adaptation,100,0.01,99.0,0.5,Traditional Offline,98.98,0.47,0.55,6.5448,0.0184,0.2785,1.0506,0.4021
F-Distribution,Scenario B2 (GAWN Noise 0.2sigma),One-Step-Ahead Pre-Sequential,100,0.01,99.0,0.5,Traditional Offline,98.88,0.54,0.58,6.5522,0.0193,0.2902,1.0507,0.4021
F-Distribution,Scenario B2 (GAWN Noise 0.2sigma),In-Sample Adaptation,100,0.01,99.0,0.5,Cumulative Online,100.0,0.0,0.0,11.699,0.0611,1.4161,1.0516,7.3462
F-Distribution,Scenario B2 (GAWN Noise 0.2sigma),One-Step-Ahead Pre-Sequential,100,0.01,99.0,0.5,Cumulative Online,99.93,0.03,0.04,11.6428,0.0648,1.4656,1.0517,7.3462
F-Distribution,Scenario B2 (GAWN Noise 0.2sigma),In-Sample Adaptation,100,0.01,99.0,0.5,Proposed RBULT,98.54,0.02,1.44,5.3975,0.0,0.0,1.1818,1.9354
F-Distribution,Scenario B2 (GAWN Noise 0.2sigma),One-Step-Ahead Pre-Sequential,100,0.01,99.0,0.5,Proposed RBULT,98.53,0.03,1.44,5.4179,0.0149,0.2181,1.18,1.9354
F-Distribution,Scenario B2 (GAWN Noise 0.2sigma),In-Sample Adaptation,500,0.05,95.0,2.5,Traditional Offline,94.7,2.73,2.57,4.1999,0.0104,0.1138,1.0443,0.378
F-Distribution,Scenario B2 (GAWN Noise 0.2sigma),One-Step-Ahead Pre-Sequential,500,0.05,95.0,2.5,Traditional Offline,94.69,2.72,2.59,4.1782,0.0103,0.1425,1.0454,0.378
F-Distribution,Scenario B2 (GAWN Noise 0.2sigma),In-Sample Adaptation,500,0.05,95.0,2.5,Cumulative Online,100.0,0.0,0.0,11.8077,0.0606,1.406,1.0499,29.3544
F-Distribution,Scenario B2 (GAWN Noise 0.2sigma),One-Step-Ahead Pre-Sequential,500,0.05,95.0,2.5,Cumulative Online,99.69,0.15,0.16,11.3448,0.123,2.1288,1.0508,29.3544
F-Distribution,Scenario B2 (GAWN Noise 0.2sigma),In-Sample Adaptation,500,0.05,95.0,2.5,Proposed RBULT,97.43,0.02,2.55,4.635,0.0,0.0,1.1331,10.018
F-Distribution,Scenario B2 (GAWN Noise 0.2sigma),One-Step-Ahead Pre-Sequential,500,0.05,95.0,2.5,Proposed RBULT,97.25,0.15,2.6,4.5935,0.0917,0.0893,1.1306,10.018
F-Distribution,Scenario B2 (GAWN Noise 0.2sigma),In-Sample Adaptation,500,0.01,99.0,0.5,Traditional Offline,98.93,0.49,0.58,6.5207,0.0138,0.3019,1.0521,0.3696
F-Distribution,Scenario B2 (GAWN Noise 0.2sigma),One-Step-Ahead Pre-Sequential,500,0.01,99.0,0.5,Traditional Offline,98.85,0.5,0.65,6.4663,0.0139,0.356,1.0536,0.3696
F-Distribution,Scenario B2 (GAWN Noise 0.2sigma),In-Sample Adaptation,500,0.01,99.0,0.5,Cumulative Online,100.0,0.0,0.0,11.8073,0.061,1.406,1.0499,29.6378
F-Distribution,Scenario B2 (GAWN Noise 0.2sigma),One-Step-Ahead Pre-Sequential,500,0.01,99.0,0.5,Cumulative Online,99.89,0.05,0.06,11.435,0.0874,1.8756,1.0511,29.6378
F-Distribution,Scenario B2 (GAWN Noise 0.2sigma),In-Sample Adaptation,500,0.01,99.0,0.5,Proposed RBULT,97.43,0.02,2.55,4.6353,0.0,0.0,1.1327,10.0081
F-Distribution,Scenario B2 (GAWN Noise 0.2sigma),One-Step-Ahead Pre-Sequential,500,0.01,99.0,0.5,Proposed RBULT,97.45,0.05,2.5,4.6843,0.0477,0.2611,1.1296,10.0081
F-Distribution,Scenario B3 (GAWN Noise 0.3sigma),In-Sample Adaptation,50,0.05,95.0,2.5,Traditional Offline,94.78,2.66,2.56,4.3175,0.0189,0.1471,1.0688,0.3449
F-Distribution,Scenario B3 (GAWN Noise 0.3sigma),One-Step-Ahead Pre-Sequential,50,0.05,95.0,2.5,Traditional Offline,94.75,2.66,2.59,4.3116,0.0193,0.1692,1.0689,0.3449
F-Distribution,Scenario B3 (GAWN Noise 0.3sigma),In-Sample Adaptation,50,0.05,95.0,2.5,Cumulative Online,100.0,0.0,0.0,12.0028,0.11,1.4506,1.0818,5.4084
F-Distribution,Scenario B3 (GAWN Noise 0.3sigma),One-Step-Ahead Pre-Sequential,50,0.05,95.0,2.5,Cumulative Online,99.84,0.07,0.09,11.9518,0.1177,1.5592,1.0819,5.4084
F-Distribution,Scenario B3 (GAWN Noise 0.3sigma),In-Sample Adaptation,50,0.05,95.0,2.5,Proposed RBULT,92.57,1.2,6.23,3.3057,0.0,0.0,1.1221,0.9882
F-Distribution,Scenario B3 (GAWN Noise 0.3sigma),One-Step-Ahead Pre-Sequential,50,0.05,95.0,2.5,Proposed RBULT,92.54,1.22,6.24,3.3051,0.0069,0.0015,1.1221,0.9882
F-Distribution,Scenario B3 (GAWN Noise 0.3sigma),In-Sample Adaptation,50,0.01,99.0,0.5,Traditional Offline,98.87,0.56,0.57,6.7746,0.0264,0.3365,1.0893,0.3438
F-Distribution,Scenario B3 (GAWN Noise 0.3sigma),One-Step-Ahead Pre-Sequential,50,0.01,99.0,0.5,Traditional Offline,98.77,0.63,0.6,6.7587,0.0286,0.3892,1.0889,0.3438
F-Distribution,Scenario B3 (GAWN Noise 0.3sigma),In-Sample Adaptation,50,0.01,99.0,0.5,Cumulative Online,100.0,0.0,0.0,12.0022,0.1107,1.4506,1.0817,5.2381
F-Distribution,Scenario B3 (GAWN Noise 0.3sigma),One-Step-Ahead Pre-Sequential,50,0.01,99.0,0.5,Cumulative Online,99.86,0.06,0.08,11.9545,0.1166,1.5446,1.0816,5.2381
F-Distribution,Scenario B3 (GAWN Noise 0.3sigma),In-Sample Adaptation,50,0.01,99.0,0.5,Proposed RBULT,92.57,1.2,6.23,3.3051,0.0,0.0,1.1223,0.9859
F-Distribution,Scenario B3 (GAWN Noise 0.3sigma),One-Step-Ahead Pre-Sequential,50,0.01,99.0,0.5,Proposed RBULT,92.56,1.21,6.23,3.3078,0.0015,0.039,1.1214,0.9859
F-Distribution,Scenario B3 (GAWN Noise 0.3sigma),In-Sample Adaptation,100,0.05,95.0,2.5,Traditional Offline,94.81,2.65,2.54,4.3254,0.0193,0.1283,1.0698,0.3481
F-Distribution,Scenario B3 (GAWN Noise 0.3sigma),One-Step-Ahead Pre-Sequential,100,0.05,95.0,2.5,Traditional Offline,94.77,2.66,2.57,4.3282,0.0221,0.1302,1.0698,0.3481
F-Distribution,Scenario B3 (GAWN Noise 0.3sigma),In-Sample Adaptation,100,0.05,95.0,2.5,Cumulative Online,100.0,0.0,0.0,12.0382,0.1047,1.3596,1.0821,8.9609
F-Distribution,Scenario B3 (GAWN Noise 0.3sigma),One-Step-Ahead Pre-Sequential,100,0.05,95.0,2.5,Cumulative Online,99.87,0.07,0.06,11.9509,0.1178,1.514,1.0822,8.9609
F-Distribution,Scenario B3 (GAWN Noise 0.3sigma),In-Sample Adaptation,100,0.05,95.0,2.5,Proposed RBULT,98.4,0.08,1.52,5.5904,0.0,0.0,1.2239,1.9209
F-Distribution,Scenario B3 (GAWN Noise 0.3sigma),One-Step-Ahead Pre-Sequential,100,0.05,95.0,2.5,Proposed RBULT,98.35,0.11,1.54,5.5811,0.0398,0.0527,1.2226,1.9209
F-Distribution,Scenario B3 (GAWN Noise 0.3sigma),In-Sample Adaptation,100,0.01,99.0,0.5,Traditional Offline,98.9,0.54,0.56,6.7886,0.0253,0.2879,1.0897,0.3453
F-Distribution,Scenario B3 (GAWN Noise 0.3sigma),One-Step-Ahead Pre-Sequential,100,0.01,99.0,0.5,Traditional Offline,98.84,0.59,0.57,6.7952,0.0256,0.2991,1.0897,0.3453
F-Distribution,Scenario B3 (GAWN Noise 0.3sigma),In-Sample Adaptation,100,0.01,99.0,0.5,Cumulative Online,100.0,0.0,0.0,12.038,0.1049,1.3596,1.082,9.2878
F-Distribution,Scenario B3 (GAWN Noise 0.3sigma),One-Step-Ahead Pre-Sequential,100,0.01,99.0,0.5,Cumulative Online,99.91,0.05,0.04,11.9809,0.1094,1.4117,1.0823,9.2878
F-Distribution,Scenario B3 (GAWN Noise 0.3sigma),In-Sample Adaptation,100,0.01,99.0,0.5,Proposed RBULT,98.4,0.08,1.52,5.5904,0.0,0.0,1.2241,2.0563
F-Distribution,Scenario B3 (GAWN Noise 0.3sigma),One-Step-Ahead Pre-Sequential,100,0.01,99.0,0.5,Proposed RBULT,98.39,0.09,1.52,5.6112,0.0175,0.2248,1.2221,2.0563
F-Distribution,Scenario B3 (GAWN Noise 0.3sigma),In-Sample Adaptation,500,0.05,95.0,2.5,Traditional Offline,94.77,2.68,2.55,4.3096,0.0152,0.1298,1.0716,0.3948
F-Distribution,Scenario B3 (GAWN Noise 0.3sigma),One-Step-Ahead Pre-Sequential,500,0.05,95.0,2.5,Traditional Offline,94.63,2.73,2.64,4.2854,0.015,0.1592,1.0722,0.3948
F-Distribution,Scenario B3 (GAWN Noise 0.3sigma),In-Sample Adaptation,500,0.05,95.0,2.5,Cumulative Online,100.0,0.0,0.0,12.1412,0.1037,1.3514,1.0796,36.4299
F-Distribution,Scenario B3 (GAWN Noise 0.3sigma),One-Step-Ahead Pre-Sequential,500,0.05,95.0,2.5,Cumulative Online,99.67,0.17,0.16,11.6665,0.1741,2.11,1.0806,36.4299
F-Distribution,Scenario B3 (GAWN Noise 0.3sigma),In-Sample Adaptation,500,0.05,95.0,2.5,Proposed RBULT,97.2,0.08,2.72,4.7641,0.0,0.0,1.1647,9.9804
F-Distribution,Scenario B3 (GAWN Noise 0.3sigma),One-Step-Ahead Pre-Sequential,500,0.05,95.0,2.5,Proposed RBULT,97.02,0.21,2.77,4.7205,0.1091,0.0809,1.1618,9.9804
F-Distribution,Scenario B3 (GAWN Noise 0.3sigma),In-Sample Adaptation,500,0.01,99.0,0.5,Traditional Offline,98.88,0.54,0.58,6.7649,0.022,0.312,1.0915,0.3795
F-Distribution,Scenario B3 (GAWN Noise 0.3sigma),One-Step-Ahead Pre-Sequential,500,0.01,99.0,0.5,Traditional Offline,98.81,0.56,0.63,6.7064,0.0228,0.3691,1.0927,0.3795
F-Distribution,Scenario B3 (GAWN Noise 0.3sigma),In-Sample Adaptation,500,0.01,99.0,0.5,Cumulative Online,100.0,0.0,0.0,12.1411,0.1038,1.3514,1.0796,34.974
F-Distribution,Scenario B3 (GAWN Noise 0.3sigma),One-Step-Ahead Pre-Sequential,500,0.01,99.0,0.5,Cumulative Online,99.87,0.07,0.06,11.7642,0.125,1.8453,1.0814,34.974
F-Distribution,Scenario B3 (GAWN Noise 0.3sigma),In-Sample Adaptation,500,0.01,99.0,0.5,Proposed RBULT,97.2,0.08,2.72,4.7656,0.0,0.0,1.1645,9.9648
F-Distribution,Scenario B3 (GAWN Noise 0.3sigma),One-Step-Ahead Pre-Sequential,500,0.01,99.0,0.5,Proposed RBULT,97.22,0.11,2.67,4.8198,0.04,0.2764,1.1623,9.9648
F-Distribution,Scenario C1 (Impulse Spikes 1%),In-Sample Adaptation,50,0.05,95.0,2.5,Traditional Offline,94.92,2.62,2.46,4.3477,0.01,0.1786,1.0762,0.3467
F-Distribution,Scenario C1 (Impulse Spikes 1%),One-Step-Ahead Pre-Sequential,50,0.05,95.0,2.5,Traditional Offline,94.83,2.69,2.48,4.3547,0.0114,0.2065,1.0796,0.3467
F-Distribution,Scenario C1 (Impulse Spikes 1%),In-Sample Adaptation,50,0.05,95.0,2.5,Cumulative Online,100.0,0.0,0.0,16.0999,0.8386,1.5439,1.4511,6.6294
F-Distribution,Scenario C1 (Impulse Spikes 1%),One-Step-Ahead Pre-Sequential,50,0.05,95.0,2.5,Cumulative Online,99.83,0.1,0.07,16.0394,0.9151,1.5828,1.4519,6.6294
F-Distribution,Scenario C1 (Impulse Spikes 1%),In-Sample Adaptation,50,0.05,95.0,2.5,Proposed RBULT,93.89,3.47,2.64,4.2441,0.0,0.0,1.4407,0.9724
F-Distribution,Scenario C1 (Impulse Spikes 1%),One-Step-Ahead Pre-Sequential,50,0.05,95.0,2.5,Proposed RBULT,93.87,3.49,2.64,4.2516,0.0039,0.1094,1.4435,0.9724
F-Distribution,Scenario C1 (Impulse Spikes 1%),In-Sample Adaptation,50,0.01,99.0,0.5,Traditional Offline,98.87,0.55,0.58,7.7844,1.3868,0.2176,1.2517,0.7077
F-Distribution,Scenario C1 (Impulse Spikes 1%),One-Step-Ahead Pre-Sequential,50,0.01,99.0,0.5,Traditional Offline,98.83,0.58,0.59,7.7806,1.3874,0.2193,1.2536,0.7077
F-Distribution,Scenario C1 (Impulse Spikes 1%),In-Sample Adaptation,50,0.01,99.0,0.5,Cumulative Online,100.0,0.0,0.0,16.0999,0.8386,1.5439,1.4511,6.6566
F-Distribution,Scenario C1 (Impulse Spikes 1%),One-Step-Ahead Pre-Sequential,50,0.01,99.0,0.5,Cumulative Online,99.85,0.09,0.06,16.0421,0.9139,1.5752,1.4515,6.6566
F-Distribution,Scenario C1 (Impulse Spikes 1%),In-Sample Adaptation,50,0.01,99.0,0.5,Proposed RBULT,94.02,3.34,2.64,4.2464,0.0,0.0,1.4419,0.9679
F-Distribution,Scenario C1 (Impulse Spikes 1%),One-Step-Ahead Pre-Sequential,50,0.01,99.0,0.5,Proposed RBULT,94.02,3.35,2.63,4.2566,0.001,0.1445,1.443,0.9679
F-Distribution,Scenario C1 (Impulse Spikes 1%),In-Sample Adaptation,100,0.05,95.0,2.5,Traditional Offline,94.94,2.6,2.46,4.3444,0.009,0.1692,1.0745,0.3483
F-Distribution,Scenario C1 (Impulse Spikes 1%),One-Step-Ahead Pre-Sequential,100,0.05,95.0,2.5,Traditional Offline,94.85,2.67,2.48,4.3566,0.0101,0.2112,1.0768,0.3483
F-Distribution,Scenario C1 (Impulse Spikes 1%),In-Sample Adaptation,100,0.05,95.0,2.5,Cumulative Online,100.0,0.0,0.0,16.1457,0.7552,1.5164,1.4513,11.4957
F-Distribution,Scenario C1 (Impulse Spikes 1%),One-Step-Ahead Pre-Sequential,100,0.05,95.0,2.5,Cumulative Online,99.84,0.09,0.07,16.0231,0.9147,1.6014,1.4509,11.4957
F-Distribution,Scenario C1 (Impulse Spikes 1%),In-Sample Adaptation,100,0.05,95.0,2.5,Proposed RBULT,97.61,0.53,1.86,5.0128,0.0,0.0,1.0975,1.9597
F-Distribution,Scenario C1 (Impulse Spikes 1%),One-Step-Ahead Pre-Sequential,100,0.05,95.0,2.5,Proposed RBULT,97.58,0.56,1.86,5.0184,0.0163,0.0718,1.0993,1.9597
F-Distribution,Scenario C1 (Impulse Spikes 1%),In-Sample Adaptation,100,0.01,99.0,0.5,Traditional Offline,98.93,0.53,0.54,7.7802,1.4119,0.2204,1.2489,0.3462
F-Distribution,Scenario C1 (Impulse Spikes 1%),One-Step-Ahead Pre-Sequential,100,0.01,99.0,0.5,Traditional Offline,98.88,0.55,0.57,7.787,1.4123,0.2379,1.2487,0.3462
F-Distribution,Scenario C1 (Impulse Spikes 1%),In-Sample Adaptation,100,0.01,99.0,0.5,Cumulative Online,100.0,0.0,0.0,16.1457,0.7552,1.5164,1.4513,11.291
F-Distribution,Scenario C1 (Impulse Spikes 1%),One-Step-Ahead Pre-Sequential,100,0.01,99.0,0.5,Cumulative Online,99.88,0.07,0.05,16.0446,0.9086,1.5455,1.4494,11.291
F-Distribution,Scenario C1 (Impulse Spikes 1%),In-Sample Adaptation,100,0.01,99.0,0.5,Proposed RBULT,97.61,0.53,1.86,5.0145,0.0,0.0,1.098,1.9549
F-Distribution,Scenario C1 (Impulse Spikes 1%),One-Step-Ahead Pre-Sequential,100,0.01,99.0,0.5,Proposed RBULT,97.62,0.54,1.84,5.0416,0.0055,0.2754,1.098,1.9549
F-Distribution,Scenario C1 (Impulse Spikes 1%),In-Sample Adaptation,500,0.05,95.0,2.5,Traditional Offline,94.89,2.57,2.54,4.3202,0.008,0.0449,1.0742,0.3699
F-Distribution,Scenario C1 (Impulse Spikes 1%),One-Step-Ahead Pre-Sequential,500,0.05,95.0,2.5,Traditional Offline,94.75,2.68,2.57,4.3148,0.0093,0.0461,1.0796,0.3699
F-Distribution,Scenario C1 (Impulse Spikes 1%),In-Sample Adaptation,500,0.05,95.0,2.5,Cumulative Online,100.0,0.0,0.0,16.3786,0.2235,1.5009,1.4564,63.0014
F-Distribution,Scenario C1 (Impulse Spikes 1%),One-Step-Ahead Pre-Sequential,500,0.05,95.0,2.5,Cumulative Online,99.64,0.19,0.17,15.699,1.1709,2.0864,1.4541,63.0014
F-Distribution,Scenario C1 (Impulse Spikes 1%),In-Sample Adaptation,500,0.05,95.0,2.5,Proposed RBULT,97.21,0.53,2.26,4.6381,0.0,0.0,1.1339,10.5958
F-Distribution,Scenario C1 (Impulse Spikes 1%),One-Step-Ahead Pre-Sequential,500,0.05,95.0,2.5,Proposed RBULT,97.05,0.64,2.31,4.6183,0.0302,0.0563,1.1367,10.5958
F-Distribution,Scenario C1 (Impulse Spikes 1%),In-Sample Adaptation,500,0.01,99.0,0.5,Traditional Offline,98.89,0.53,0.58,8.0769,1.549,0.2176,1.3032,0.3678
F-Distribution,Scenario C1 (Impulse Spikes 1%),One-Step-Ahead Pre-Sequential,500,0.01,99.0,0.5,Traditional Offline,98.87,0.52,0.61,8.0465,1.5497,0.2291,1.311,0.3678
F-Distribution,Scenario C1 (Impulse Spikes 1%),In-Sample Adaptation,500,0.01,99.0,0.5,Cumulative Online,100.0,0.0,0.0,16.3786,0.2235,1.5009,1.4564,60.7333
F-Distribution,Scenario C1 (Impulse Spikes 1%),One-Step-Ahead Pre-Sequential,500,0.01,99.0,0.5,Cumulative Online,99.84,0.09,0.07,15.8087,1.1425,1.7963,1.4532,60.7333
F-Distribution,Scenario C1 (Impulse Spikes 1%),In-Sample Adaptation,500,0.01,99.0,0.5,Proposed RBULT,97.2,0.53,2.27,4.6356,0.0,0.0,1.1328,10.5967
F-Distribution,Scenario C1 (Impulse Spikes 1%),One-Step-Ahead Pre-Sequential,500,0.01,99.0,0.5,Proposed RBULT,97.24,0.54,2.22,4.7256,0.0013,0.3934,1.1395,10.5967
F-Distribution,Scenario C2 (Impulse Spikes 5%),In-Sample Adaptation,50,0.05,95.0,2.5,Traditional Offline,95.13,2.42,2.45,9.1173,1.0144,0.1379,2.2569,0.3466
F-Distribution,Scenario C2 (Impulse Spikes 5%),One-Step-Ahead Pre-Sequential,50,0.05,95.0,2.5,Traditional Offline,95.07,2.48,2.45,9.1016,1.039,0.1401,2.2564,0.3466
F-Distribution,Scenario C2 (Impulse Spikes 5%),In-Sample Adaptation,50,0.05,95.0,2.5,Cumulative Online,100.0,0.0,0.0,16.402,0.1131,1.5273,1.4783,4.2301
F-Distribution,Scenario C2 (Impulse Spikes 5%),One-Step-Ahead Pre-Sequential,50,0.05,95.0,2.5,Cumulative Online,99.86,0.07,0.07,16.3442,0.404,1.5586,1.4795,4.2301
F-Distribution,Scenario C2 (Impulse Spikes 5%),In-Sample Adaptation,50,0.05,95.0,2.5,Proposed RBULT,97.9,1.83,0.27,11.5083,0.0,0.0,3.9066,0.4787
F-Distribution,Scenario C2 (Impulse Spikes 5%),One-Step-Ahead Pre-Sequential,50,0.05,95.0,2.5,Proposed RBULT,97.86,1.85,0.29,11.4821,0.2815,0.0882,3.8984,0.4787
F-Distribution,Scenario C2 (Impulse Spikes 5%),In-Sample Adaptation,50,0.01,99.0,0.5,Traditional Offline,98.96,0.46,0.58,12.4871,0.1658,0.1199,2.0079,0.343
F-Distribution,Scenario C2 (Impulse Spikes 5%),One-Step-Ahead Pre-Sequential,50,0.01,99.0,0.5,Traditional Offline,98.9,0.51,0.59,12.4756,0.227,0.1198,2.01,0.343
F-Distribution,Scenario C2 (Impulse Spikes 5%),In-Sample Adaptation,50,0.01,99.0,0.5,Cumulative Online,100.0,0.0,0.0,16.4023,0.1129,1.5273,1.4783,4.2298
F-Distribution,Scenario C2 (Impulse Spikes 5%),One-Step-Ahead Pre-Sequential,50,0.01,99.0,0.5,Cumulative Online,99.88,0.06,0.06,16.3642,0.2085,1.5461,1.4806,4.2298
F-Distribution,Scenario C2 (Impulse Spikes 5%),In-Sample Adaptation,50,0.01,99.0,0.5,Proposed RBULT,97.9,1.83,0.27,11.5083,0.0,0.0,3.9078,0.4769
F-Distribution,Scenario C2 (Impulse Spikes 5%),One-Step-Ahead Pre-Sequential,50,0.01,99.0,0.5,Proposed RBULT,97.88,1.84,0.28,11.5019,0.0689,0.0215,3.8992,0.4769
F-Distribution,Scenario C2 (Impulse Spikes 5%),In-Sample Adaptation,100,0.05,95.0,2.5,Traditional Offline,95.14,2.4,2.46,9.1071,1.0518,0.1391,2.2524,0.3518
F-Distribution,Scenario C2 (Impulse Spikes 5%),One-Step-Ahead Pre-Sequential,100,0.05,95.0,2.5,Traditional Offline,95.18,2.39,2.43,9.1191,1.0545,0.1555,2.2538,0.3518
F-Distribution,Scenario C2 (Impulse Spikes 5%),In-Sample Adaptation,100,0.05,95.0,2.5,Cumulative Online,100.0,0.0,0.0,16.4254,0.0373,1.5164,1.4764,10.279
F-Distribution,Scenario C2 (Impulse Spikes 5%),One-Step-Ahead Pre-Sequential,100,0.05,95.0,2.5,Cumulative Online,99.88,0.05,0.07,16.353,0.1548,1.569,1.4808,10.279
F-Distribution,Scenario C2 (Impulse Spikes 5%),In-Sample Adaptation,100,0.05,95.0,2.5,Proposed RBULT,99.56,0.19,0.25,12.9435,0.0,0.0,2.8338,1.9738
F-Distribution,Scenario C2 (Impulse Spikes 5%),One-Step-Ahead Pre-Sequential,100,0.05,95.0,2.5,Proposed RBULT,99.51,0.22,0.27,12.9202,0.1404,0.0916,2.8303,1.9738
F-Distribution,Scenario C2 (Impulse Spikes 5%),In-Sample Adaptation,100,0.01,99.0,0.5,Traditional Offline,98.99,0.45,0.56,12.5002,0.0686,0.132,2.0066,0.3489
F-Distribution,Scenario C2 (Impulse Spikes 5%),One-Step-Ahead Pre-Sequential,100,0.01,99.0,0.5,Traditional Offline,98.96,0.47,0.57,12.5041,0.0846,0.1612,2.0052,0.3489
F-Distribution,Scenario C2 (Impulse Spikes 5%),In-Sample Adaptation,100,0.01,99.0,0.5,Cumulative Online,100.0,0.0,0.0,16.4212,0.0462,1.5164,1.476,10.302
F-Distribution,Scenario C2 (Impulse Spikes 5%),One-Step-Ahead Pre-Sequential,100,0.01,99.0,0.5,Cumulative Online,99.92,0.03,0.05,16.3719,0.0905,1.5334,1.4789,10.302
F-Distribution,Scenario C2 (Impulse Spikes 5%),In-Sample Adaptation,100,0.01,99.0,0.5,Proposed RBULT,99.6,0.16,0.24,12.9651,0.0,0.0,2.8388,1.9791
F-Distribution,Scenario C2 (Impulse Spikes 5%),One-Step-Ahead Pre-Sequential,100,0.01,99.0,0.5,Proposed RBULT,99.59,0.17,0.24,12.9648,0.0692,0.0661,2.8236,1.9791
F-Distribution,Scenario C2 (Impulse Spikes 5%),In-Sample Adaptation,500,0.05,95.0,2.5,Traditional Offline,95.1,2.4,2.5,8.9564,1.1824,0.1048,2.2269,0.372
F-Distribution,Scenario C2 (Impulse Spikes 5%),One-Step-Ahead Pre-Sequential,500,0.05,95.0,2.5,Traditional Offline,95.13,2.38,2.49,8.992,1.1968,0.1165,2.2499,0.372
F-Distribution,Scenario C2 (Impulse Spikes 5%),In-Sample Adaptation,500,0.05,95.0,2.5,Cumulative Online,100.0,0.0,0.0,16.5598,0.0442,1.4802,1.4725,38.7628
F-Distribution,Scenario C2 (Impulse Spikes 5%),One-Step-Ahead Pre-Sequential,500,0.05,95.0,2.5,Cumulative Online,99.68,0.15,0.17,16.1741,0.3318,1.7961,1.4981,38.7628
F-Distribution,Scenario C2 (Impulse Spikes 5%),In-Sample Adaptation,500,0.05,95.0,2.5,Proposed RBULT,96.42,1.51,2.07,10.43,0.0,0.0,2.5498,9.9185
F-Distribution,Scenario C2 (Impulse Spikes 5%),One-Step-Ahead Pre-Sequential,500,0.05,95.0,2.5,Proposed RBULT,96.38,1.54,2.08,10.415,0.0501,0.0152,2.5634,9.9185
F-Distribution,Scenario C2 (Impulse Spikes 5%),In-Sample Adaptation,500,0.01,99.0,0.5,Traditional Offline,98.97,0.45,0.58,12.4859,0.0561,0.0879,2.0146,0.3711
F-Distribution,Scenario C2 (Impulse Spikes 5%),One-Step-Ahead Pre-Sequential,500,0.01,99.0,0.5,Traditional Offline,98.96,0.45,0.59,12.4914,0.0589,0.0876,2.0352,0.3711
F-Distribution,Scenario C2 (Impulse Spikes 5%),In-Sample Adaptation,500,0.01,99.0,0.5,Cumulative Online,100.0,0.0,0.0,16.5514,0.0429,1.4872,1.4718,38.4326
F-Distribution,Scenario C2 (Impulse Spikes 5%),One-Step-Ahead Pre-Sequential,500,0.01,99.0,0.5,Cumulative Online,99.88,0.05,0.07,16.2914,0.0605,1.6603,1.4975,38.4326
F-Distribution,Scenario C2 (Impulse Spikes 5%),In-Sample Adaptation,500,0.01,99.0,0.5,Proposed RBULT,96.42,1.51,2.07,10.431,0.0,0.0,2.5489,9.8612
F-Distribution,Scenario C2 (Impulse Spikes 5%),One-Step-Ahead Pre-Sequential,500,0.01,99.0,0.5,Proposed RBULT,96.58,1.44,1.98,10.5418,0.2344,0.2483,2.5421,9.8612
F-Distribution,Scenario C3 (Impulse Spikes 10%),In-Sample Adaptation,50,0.05,95.0,2.5,Traditional Offline,95.03,2.37,2.6,11.0994,0.1193,0.1598,2.7475,0.3479
F-Distribution,Scenario C3 (Impulse Spikes 10%),One-Step-Ahead Pre-Sequential,50,0.05,95.0,2.5,Traditional Offline,94.95,2.43,2.62,11.101,0.1267,0.1728,2.752,0.3479
F-Distribution,Scenario C3 (Impulse Spikes 10%),In-Sample Adaptation,50,0.05,95.0,2.5,Cumulative Online,100.0,0.0,0.0,16.4181,0.0467,1.5272,1.4797,7.0854
F-Distribution,Scenario C3 (Impulse Spikes 10%),One-Step-Ahead Pre-Sequential,50,0.05,95.0,2.5,Cumulative Online,99.86,0.07,0.07,16.386,0.1202,1.5429,1.4833,7.0854
F-Distribution,Scenario C3 (Impulse Spikes 10%),In-Sample Adaptation,50,0.05,95.0,2.5,Proposed RBULT,99.34,0.42,0.24,12.8836,0.0,0.0,4.3734,0.9831
F-Distribution,Scenario C3 (Impulse Spikes 10%),One-Step-Ahead Pre-Sequential,50,0.05,95.0,2.5,Proposed RBULT,99.3,0.44,0.26,12.8763,0.0993,0.0037,4.3717,0.9831
F-Distribution,Scenario C3 (Impulse Spikes 10%),In-Sample Adaptation,50,0.01,99.0,0.5,Traditional Offline,98.96,0.44,0.6,12.745,0.0267,0.098,2.0494,0.3454
F-Distribution,Scenario C3 (Impulse Spikes 10%),One-Step-Ahead Pre-Sequential,50,0.01,99.0,0.5,Traditional Offline,98.94,0.45,0.61,12.7439,0.0352,0.0983,2.0533,0.3454
F-Distribution,Scenario C3 (Impulse Spikes 10%),In-Sample Adaptation,50,0.01,99.0,0.5,Cumulative Online,100.0,0.0,0.0,16.4343,0.0482,1.5272,1.4812,4.7743
F-Distribution,Scenario C3 (Impulse Spikes 10%),One-Step-Ahead Pre-Sequential,50,0.01,99.0,0.5,Cumulative Online,99.92,0.02,0.06,16.4077,0.0604,1.5424,1.4846,4.7743
F-Distribution,Scenario C3 (Impulse Spikes 10%),In-Sample Adaptation,50,0.01,99.0,0.5,Proposed RBULT,99.4,0.36,0.24,12.9075,0.0,0.0,4.3829,0.9822
F-Distribution,Scenario C3 (Impulse Spikes 10%),One-Step-Ahead Pre-Sequential,50,0.01,99.0,0.5,Proposed RBULT,99.38,0.37,0.25,12.9057,0.0257,0.0003,4.3751,0.9822
F-Distribution,Scenario C3 (Impulse Spikes 10%),In-Sample Adaptation,100,0.05,95.0,2.5,Traditional Offline,95.06,2.34,2.6,11.0992,0.108,0.1541,2.7451,0.3544
F-Distribution,Scenario C3 (Impulse Spikes 10%),One-Step-Ahead Pre-Sequential,100,0.05,95.0,2.5,Traditional Offline,95.02,2.38,2.6,11.1079,0.1078,0.1776,2.7454,0.3544
F-Distribution,Scenario C3 (Impulse Spikes 10%),In-Sample Adaptation,100,0.05,95.0,2.5,Cumulative Online,100.0,0.0,0.0,16.4457,0.0483,1.4952,1.4782,10.5433
F-Distribution,Scenario C3 (Impulse Spikes 10%),One-Step-Ahead Pre-Sequential,100,0.05,95.0,2.5,Cumulative Online,99.86,0.07,0.07,16.3869,0.1087,1.5286,1.4839,10.5433
F-Distribution,Scenario C3 (Impulse Spikes 10%),In-Sample Adaptation,100,0.05,95.0,2.5,Proposed RBULT,99.56,0.34,0.1,14.2985,0.0,0.0,3.1305,1.9761
F-Distribution,Scenario C3 (Impulse Spikes 10%),One-Step-Ahead Pre-Sequential,100,0.05,95.0,2.5,Proposed RBULT,99.5,0.37,0.13,14.2752,0.0844,0.1472,3.1271,1.9761
F-Distribution,Scenario C3 (Impulse Spikes 10%),In-Sample Adaptation,100,0.01,99.0,0.5,Traditional Offline,98.98,0.43,0.59,12.7484,0.0135,0.1083,2.0464,0.3509
F-Distribution,Scenario C3 (Impulse Spikes 10%),One-Step-Ahead Pre-Sequential,100,0.01,99.0,0.5,Traditional Offline,98.97,0.44,0.59,12.7566,0.0132,0.1349,2.0457,0.3509
F-Distribution,Scenario C3 (Impulse Spikes 10%),In-Sample Adaptation,100,0.01,99.0,0.5,Cumulative Online,100.0,0.0,0.0,16.4355,0.0481,1.5148,1.4773,8.5688
F-Distribution,Scenario C3 (Impulse Spikes 10%),One-Step-Ahead Pre-Sequential,100,0.01,99.0,0.5,Cumulative Online,99.92,0.03,0.05,16.3928,0.0505,1.5318,1.4808,8.5688
F-Distribution,Scenario C3 (Impulse Spikes 10%),In-Sample Adaptation,100,0.01,99.0,0.5,Proposed RBULT,99.57,0.34,0.09,14.3235,0.0,0.0,3.1362,1.9788
F-Distribution,Scenario C3 (Impulse Spikes 10%),One-Step-Ahead Pre-Sequential,100,0.01,99.0,0.5,Proposed RBULT,99.55,0.35,0.1,14.316,0.002,0.0723,3.1179,1.9788
F-Distribution,Scenario C3 (Impulse Spikes 10%),In-Sample Adaptation,500,0.05,95.0,2.5,Traditional Offline,94.93,2.37,2.7,11.0666,0.1064,0.1024,2.7516,0.3767
F-Distribution,Scenario C3 (Impulse Spikes 10%),One-Step-Ahead Pre-Sequential,500,0.05,95.0,2.5,Traditional Offline,94.95,2.36,2.69,11.0916,0.1286,0.1083,2.7752,0.3767
F-Distribution,Scenario C3 (Impulse Spikes 10%),In-Sample Adaptation,500,0.05,95.0,2.5,Cumulative Online,100.0,0.0,0.0,16.5655,0.0468,1.4816,1.473,43.3205
F-Distribution,Scenario C3 (Impulse Spikes 10%),One-Step-Ahead Pre-Sequential,500,0.05,95.0,2.5,Cumulative Online,99.66,0.17,0.17,16.2531,0.1434,1.7262,1.5054,43.3205
F-Distribution,Scenario C3 (Impulse Spikes 10%),In-Sample Adaptation,500,0.05,95.0,2.5,Proposed RBULT,99.4,0.35,0.25,12.9085,0.0,0.0,3.1558,11.3412
F-Distribution,Scenario C3 (Impulse Spikes 10%),One-Step-Ahead Pre-Sequential,500,0.05,95.0,2.5,Proposed RBULT,99.15,0.48,0.37,12.8431,0.1061,0.1791,3.161,11.3412
F-Distribution,Scenario C3 (Impulse Spikes 10%),In-Sample Adaptation,500,0.01,99.0,0.5,Traditional Offline,98.96,0.45,0.59,12.7368,0.0146,0.0719,2.0551,0.3763
F-Distribution,Scenario C3 (Impulse Spikes 10%),One-Step-Ahead Pre-Sequential,500,0.01,99.0,0.5,Traditional Offline,98.94,0.44,0.62,12.7412,0.0127,0.0753,2.0759,0.3763
F-Distribution,Scenario C3 (Impulse Spikes 10%),In-Sample Adaptation,500,0.01,99.0,0.5,Cumulative Online,100.0,0.0,0.0,16.5637,0.0462,1.4848,1.4729,43.6267
F-Distribution,Scenario C3 (Impulse Spikes 10%),One-Step-Ahead Pre-Sequential,500,0.01,99.0,0.5,Cumulative Online,99.86,0.07,0.07,16.3137,0.06,1.641,1.4996,43.6267
F-Distribution,Scenario C3 (Impulse Spikes 10%),In-Sample Adaptation,500,0.01,99.0,0.5,Proposed RBULT,99.39,0.36,0.25,12.9066,0.0,0.0,3.1538,10.1009
F-Distribution,Scenario C3 (Impulse Spikes 10%),One-Step-Ahead Pre-Sequential,500,0.01,99.0,0.5,Proposed RBULT,99.34,0.39,0.27,12.9037,0.0087,0.0041,3.1116,10.1009
Uniform,Scenario A (Clean),In-Sample Adaptation,50,0.05,95.0,2.5,Traditional Offline,95.0,2.55,2.45,94.7264,0.116,0.1967,1.0,0.3324
Uniform,Scenario A (Clean),One-Step-Ahead Pre-Sequential,50,0.05,95.0,2.5,Traditional Offline,94.92,2.58,2.5,94.7157,0.1418,0.21,1.0,0.3324
Uniform,Scenario A (Clean),In-Sample Adaptation,50,0.05,95.0,2.5,Cumulative Online,100.0,0.0,0.0,99.8158,0.2138,0.2869,0.9998,7.177
Uniform,Scenario A (Clean),One-Step-Ahead Pre-Sequential,50,0.05,95.0,2.5,Cumulative Online,99.85,0.08,0.07,99.7785,0.3326,0.3871,0.9998,7.177
Uniform,Scenario A (Clean),In-Sample Adaptation,50,0.05,95.0,2.5,Proposed RBULT,95.37,2.03,2.6,95.0057,0.0,0.0,0.9998,0.9824
Uniform,Scenario A (Clean),One-Step-Ahead Pre-Sequential,50,0.05,95.0,2.5,Proposed RBULT,95.33,2.05,2.62,94.9933,0.1165,0.059,0.9998,0.9824
Uniform,Scenario A (Clean),In-Sample Adaptation,50,0.01,99.0,0.5,Traditional Offline,98.86,0.59,0.55,98.6336,0.1791,0.3111,1.0,0.3318
Uniform,Scenario A (Clean),One-Step-Ahead Pre-Sequential,50,0.01,99.0,0.5,Traditional Offline,98.8,0.61,0.59,98.6118,0.2136,0.3571,1.0,0.3318
Uniform,Scenario A (Clean),In-Sample Adaptation,50,0.01,99.0,0.5,Cumulative Online,100.0,0.0,0.0,99.8129,0.2247,0.2882,1.0,6.7794
Uniform,Scenario A (Clean),One-Step-Ahead Pre-Sequential,50,0.01,99.0,0.5,Cumulative Online,99.87,0.07,0.06,99.7855,0.2766,0.359,1.0,6.7794
Uniform,Scenario A (Clean),In-Sample Adaptation,50,0.01,99.0,0.5,Proposed RBULT,95.37,2.03,2.6,94.999,0.0,0.0,0.9998,0.9858
Uniform,Scenario A (Clean),One-Step-Ahead Pre-Sequential,50,0.01,99.0,0.5,Proposed RBULT,95.35,2.04,2.61,94.9964,0.0239,0.0121,0.9998,0.9858
Uniform,Scenario A (Clean),In-Sample Adaptation,100,0.05,95.0,2.5,Traditional Offline,95.01,2.55,2.44,94.7299,0.0877,0.1823,1.0,0.3335
Uniform,Scenario A (Clean),One-Step-Ahead Pre-Sequential,100,0.05,95.0,2.5,Traditional Offline,94.93,2.58,2.49,94.7214,0.0968,0.1889,1.0,0.3335
Uniform,Scenario A (Clean),In-Sample Adaptation,100,0.05,95.0,2.5,Cumulative Online,100.0,0.0,0.0,99.8431,0.1883,0.2265,0.9997,14.4757
Uniform,Scenario A (Clean),One-Step-Ahead Pre-Sequential,100,0.05,95.0,2.5,Cumulative Online,99.83,0.09,0.08,99.7811,0.3411,0.3889,0.9997,14.4757
Uniform,Scenario A (Clean),In-Sample Adaptation,100,0.05,95.0,2.5,Proposed RBULT,98.47,0.44,1.09,98.1558,0.0,0.0,0.9998,1.98
Uniform,Scenario A (Clean),One-Step-Ahead Pre-Sequential,100,0.05,95.0,2.5,Proposed RBULT,98.41,0.47,1.12,98.1123,0.2406,0.1926,0.9998,1.98
Uniform,Scenario A (Clean),In-Sample Adaptation,100,0.01,99.0,0.5,Traditional Offline,98.88,0.58,0.54,98.6482,0.1414,0.2432,1.0,0.332
Uniform,Scenario A (Clean),One-Step-Ahead Pre-Sequential,100,0.01,99.0,0.5,Traditional Offline,98.83,0.6,0.57,98.6252,0.1514,0.2871,1.0,0.332
Uniform,Scenario A (Clean),In-Sample Adaptation,100,0.01,99.0,0.5,Cumulative Online,100.0,0.0,0.0,99.8513,0.1894,0.2319,1.0001,12.6121
Uniform,Scenario A (Clean),One-Step-Ahead Pre-Sequential,100,0.01,99.0,0.5,Cumulative Online,99.88,0.07,0.05,99.8168,0.223,0.3128,1.0001,12.6121
Uniform,Scenario A (Clean),In-Sample Adaptation,100,0.01,99.0,0.5,Proposed RBULT,98.49,0.44,1.07,98.1867,0.0,0.0,1.0,1.9956
Uniform,Scenario A (Clean),One-Step-Ahead Pre-Sequential,100,0.01,99.0,0.5,Proposed RBULT,98.47,0.45,1.08,98.1704,0.0752,0.0876,1.0,1.9956
Uniform,Scenario A (Clean),In-Sample Adaptation,500,0.05,95.0,2.5,Traditional Offline,95.06,2.52,2.42,94.7685,0.0588,0.1452,1.0,0.3568
Uniform,Scenario A (Clean),One-Step-Ahead Pre-Sequential,500,0.05,95.0,2.5,Traditional Offline,94.98,2.55,2.47,94.7662,0.068,0.1576,1.0,0.3568
Uniform,Scenario A (Clean),In-Sample Adaptation,500,0.05,95.0,2.5,Cumulative Online,100.0,0.0,0.0,99.8432,0.1761,0.1468,1.0,31.6609
Uniform,Scenario A (Clean),One-Step-Ahead Pre-Sequential,500,0.05,95.0,2.5,Cumulative Online,99.65,0.19,0.16,99.5753,0.5261,0.6588,1.0,31.6609
Uniform,Scenario A (Clean),In-Sample Adaptation,500,0.05,95.0,2.5,Proposed RBULT,99.04,0.39,0.57,98.7934,0.0,0.0,1.0,10.5944
Uniform,Scenario A (Clean),One-Step-Ahead Pre-Sequential,500,0.05,95.0,2.5,Proposed RBULT,98.78,0.52,0.7,98.5843,0.4077,0.5035,1.0,10.5944
Uniform,Scenario A (Clean),In-Sample Adaptation,500,0.01,99.0,0.5,Traditional Offline,98.91,0.57,0.52,98.6888,0.1253,0.1661,1.0,0.355
Uniform,Scenario A (Clean),One-Step-Ahead Pre-Sequential,500,0.01,99.0,0.5,Traditional Offline,98.83,0.61,0.56,98.6484,0.1233,0.2061,1.0,0.355
Uniform,Scenario A (Clean),In-Sample Adaptation,500,0.01,99.0,0.5,Cumulative Online,100.0,0.0,0.0,99.8514,0.1709,0.1473,1.0,31.5656
Uniform,Scenario A (Clean),One-Step-Ahead Pre-Sequential,500,0.01,99.0,0.5,Cumulative Online,99.86,0.08,0.06,99.7547,0.2296,0.28,1.0,31.5656
Uniform,Scenario A (Clean),In-Sample Adaptation,500,0.01,99.0,0.5,Proposed RBULT,99.04,0.39,0.57,98.8025,0.0,0.0,1.0001,10.734
Uniform,Scenario A (Clean),One-Step-Ahead Pre-Sequential,500,0.01,99.0,0.5,Proposed RBULT,98.98,0.42,0.6,98.7645,0.0654,0.1003,1.0001,10.734
Uniform,Scenario B1 (GAWN Noise 0.1sigma),In-Sample Adaptation,50,0.05,95.0,2.5,Traditional Offline,95.09,2.46,2.45,95.9468,0.1828,0.427,1.0129,0.331
Uniform,Scenario B1 (GAWN Noise 0.1sigma),One-Step-Ahead Pre-Sequential,50,0.05,95.0,2.5,Traditional Offline,95.03,2.49,2.48,95.9282,0.204,0.4619,1.0128,0.331
Uniform,Scenario B1 (GAWN Noise 0.1sigma),In-Sample Adaptation,50,0.05,95.0,2.5,Cumulative Online,100.0,0.0,0.0,112.9436,3.1028,1.3885,1.1313,8.5822
Uniform,Scenario B1 (GAWN Noise 0.1sigma),One-Step-Ahead Pre-Sequential,50,0.05,95.0,2.5,Cumulative Online,99.84,0.1,0.06,112.8237,3.1675,1.6001,1.1305,8.5822
Uniform,Scenario B1 (GAWN Noise 0.1sigma),In-Sample Adaptation,50,0.05,95.0,2.5,Proposed RBULT,96.73,1.6,1.67,98.2621,0.0,0.0,1.0341,0.9799
Uniform,Scenario B1 (GAWN Noise 0.1sigma),One-Step-Ahead Pre-Sequential,50,0.05,95.0,2.5,Proposed RBULT,96.69,1.62,1.69,98.2316,0.1794,0.2504,1.0339,0.9799
Uniform,Scenario B1 (GAWN Noise 0.1sigma),In-Sample Adaptation,50,0.01,99.0,0.5,Traditional Offline,98.88,0.59,0.53,103.1452,0.3572,0.791,1.0457,0.3322
Uniform,Scenario B1 (GAWN Noise 0.1sigma),One-Step-Ahead Pre-Sequential,50,0.01,99.0,0.5,Traditional Offline,98.78,0.63,0.59,103.1119,0.412,0.8267,1.0456,0.3322
Uniform,Scenario B1 (GAWN Noise 0.1sigma),In-Sample Adaptation,50,0.01,99.0,0.5,Cumulative Online,100.0,0.0,0.0,112.9009,3.1018,1.3809,1.1312,7.6284
Uniform,Scenario B1 (GAWN Noise 0.1sigma),One-Step-Ahead Pre-Sequential,50,0.01,99.0,0.5,Cumulative Online,99.87,0.08,0.05,112.8045,3.1403,1.5065,1.1305,7.6284
Uniform,Scenario B1 (GAWN Noise 0.1sigma),In-Sample Adaptation,50,0.01,99.0,0.5,Proposed RBULT,96.78,1.56,1.66,98.3838,0.0,0.0,1.0354,0.9893
Uniform,Scenario B1 (GAWN Noise 0.1sigma),One-Step-Ahead Pre-Sequential,50,0.01,99.0,0.5,Proposed RBULT,96.76,1.57,1.67,98.376,0.0483,0.0622,1.0354,0.9893
Uniform,Scenario B1 (GAWN Noise 0.1sigma),In-Sample Adaptation,100,0.05,95.0,2.5,Traditional Offline,95.09,2.46,2.45,95.9485,0.1701,0.4072,1.0129,0.522
Uniform,Scenario B1 (GAWN Noise 0.1sigma),One-Step-Ahead Pre-Sequential,100,0.05,95.0,2.5,Traditional Offline,95.02,2.5,2.48,95.9242,0.1893,0.4394,1.0127,0.522
Uniform,Scenario B1 (GAWN Noise 0.1sigma),In-Sample Adaptation,100,0.05,95.0,2.5,Cumulative Online,100.0,0.0,0.0,112.8691,3.1032,1.3236,1.1302,11.6063
Uniform,Scenario B1 (GAWN Noise 0.1sigma),One-Step-Ahead Pre-Sequential,100,0.05,95.0,2.5,Cumulative Online,99.81,0.12,0.07,112.6433,3.2174,1.6776,1.1286,11.6063
Uniform,Scenario B1 (GAWN Noise 0.1sigma),In-Sample Adaptation,100,0.05,95.0,2.5,Proposed RBULT,96.96,1.36,1.68,98.5448,0.0,0.0,1.0037,1.9893
Uniform,Scenario B1 (GAWN Noise 0.1sigma),One-Step-Ahead Pre-Sequential,100,0.05,95.0,2.5,Proposed RBULT,96.9,1.39,1.71,98.4939,0.2396,0.2669,1.0037,1.9893
Uniform,Scenario B1 (GAWN Noise 0.1sigma),In-Sample Adaptation,100,0.01,99.0,0.5,Traditional Offline,98.91,0.57,0.52,103.16,0.3165,0.7673,1.0457,0.3321
Uniform,Scenario B1 (GAWN Noise 0.1sigma),One-Step-Ahead Pre-Sequential,100,0.01,99.0,0.5,Traditional Offline,98.83,0.6,0.57,103.1036,0.3843,0.8279,1.0454,0.3321
Uniform,Scenario B1 (GAWN Noise 0.1sigma),In-Sample Adaptation,100,0.01,99.0,0.5,Cumulative Online,100.0,0.0,0.0,112.8966,3.0991,1.3269,1.1308,11.5908
Uniform,Scenario B1 (GAWN Noise 0.1sigma),One-Step-Ahead Pre-Sequential,100,0.01,99.0,0.5,Cumulative Online,99.85,0.1,0.05,112.7142,3.1588,1.5598,1.1293,11.5908
Uniform,Scenario B1 (GAWN Noise 0.1sigma),In-Sample Adaptation,100,0.01,99.0,0.5,Proposed RBULT,96.99,1.33,1.68,98.5538,0.0,0.0,1.0037,1.9853
Uniform,Scenario B1 (GAWN Noise 0.1sigma),One-Step-Ahead Pre-Sequential,100,0.01,99.0,0.5,Proposed RBULT,96.97,1.34,1.69,98.5466,0.0181,0.0541,1.0038,1.9853
Uniform,Scenario B1 (GAWN Noise 0.1sigma),In-Sample Adaptation,500,0.05,95.0,2.5,Traditional Offline,95.12,2.46,2.42,96.0351,0.1784,0.3088,1.0134,0.3656
Uniform,Scenario B1 (GAWN Noise 0.1sigma),One-Step-Ahead Pre-Sequential,500,0.05,95.0,2.5,Traditional Offline,95.1,2.43,2.47,96.0444,0.2248,0.3349,1.0135,0.3656
Uniform,Scenario B1 (GAWN Noise 0.1sigma),In-Sample Adaptation,500,0.05,95.0,2.5,Cumulative Online,100.0,0.0,0.0,113.1351,3.0347,0.2162,1.1331,24.8261
Uniform,Scenario B1 (GAWN Noise 0.1sigma),One-Step-Ahead Pre-Sequential,500,0.05,95.0,2.5,Cumulative Online,99.69,0.17,0.14,112.144,3.3947,2.054,1.1262,24.8261
Uniform,Scenario B1 (GAWN Noise 0.1sigma),In-Sample Adaptation,500,0.05,95.0,2.5,Proposed RBULT,99.6,0.37,0.03,107.8592,0.0,0.0,1.0917,10.3563
Uniform,Scenario B1 (GAWN Noise 0.1sigma),One-Step-Ahead Pre-Sequential,500,0.05,95.0,2.5,Proposed RBULT,99.34,0.5,0.16,107.27,0.7273,1.8409,1.0881,10.3563
Uniform,Scenario B1 (GAWN Noise 0.1sigma),In-Sample Adaptation,500,0.01,99.0,0.5,Traditional Offline,98.96,0.54,0.5,103.2822,0.1459,0.6216,1.0465,0.3593
Uniform,Scenario B1 (GAWN Noise 0.1sigma),One-Step-Ahead Pre-Sequential,500,0.01,99.0,0.5,Traditional Offline,98.9,0.55,0.55,103.1651,0.1555,0.7414,1.0458,0.3593
Uniform,Scenario B1 (GAWN Noise 0.1sigma),In-Sample Adaptation,500,0.01,99.0,0.5,Cumulative Online,100.0,0.0,0.0,113.1642,3.0353,0.226,1.1334,24.8987
Uniform,Scenario B1 (GAWN Noise 0.1sigma),One-Step-Ahead Pre-Sequential,500,0.01,99.0,0.5,Cumulative Online,99.89,0.07,0.04,112.4243,3.1555,1.5432,1.127,24.8987
Uniform,Scenario B1 (GAWN Noise 0.1sigma),In-Sample Adaptation,500,0.01,99.0,0.5,Proposed RBULT,99.6,0.37,0.03,107.8531,0.0,0.0,1.0917,10.3803
Uniform,Scenario B1 (GAWN Noise 0.1sigma),One-Step-Ahead Pre-Sequential,500,0.01,99.0,0.5,Proposed RBULT,99.54,0.4,0.06,107.517,0.1476,1.3172,1.0887,10.3803
Uniform,Scenario B2 (GAWN Noise 0.2sigma),In-Sample Adaptation,50,0.05,95.0,2.5,Traditional Offline,94.92,2.47,2.61,99.2844,0.0762,0.7729,1.0481,0.3312
Uniform,Scenario B2 (GAWN Noise 0.2sigma),One-Step-Ahead Pre-Sequential,50,0.05,95.0,2.5,Traditional Offline,94.83,2.5,2.67,99.258,0.0774,0.8594,1.048,0.3312
Uniform,Scenario B2 (GAWN Noise 0.2sigma),In-Sample Adaptation,50,0.05,95.0,2.5,Cumulative Online,100.0,0.0,0.0,127.8381,4.9227,2.1776,1.2804,5.7759
Uniform,Scenario B2 (GAWN Noise 0.2sigma),One-Step-Ahead Pre-Sequential,50,0.05,95.0,2.5,Cumulative Online,99.89,0.07,0.04,127.6446,5.0074,2.5897,1.279,5.7759
Uniform,Scenario B2 (GAWN Noise 0.2sigma),In-Sample Adaptation,50,0.05,95.0,2.5,Proposed RBULT,96.74,1.57,1.69,102.9093,0.0,0.0,1.083,0.9914
Uniform,Scenario B2 (GAWN Noise 0.2sigma),One-Step-Ahead Pre-Sequential,50,0.05,95.0,2.5,Proposed RBULT,96.7,1.59,1.71,102.8656,0.1184,0.4994,1.0827,0.9914
Uniform,Scenario B2 (GAWN Noise 0.2sigma),In-Sample Adaptation,50,0.01,99.0,0.5,Traditional Offline,98.84,0.61,0.55,110.7787,0.5001,1.4778,1.1231,0.3315
Uniform,Scenario B2 (GAWN Noise 0.2sigma),One-Step-Ahead Pre-Sequential,50,0.01,99.0,0.5,Traditional Offline,98.78,0.64,0.58,110.7242,0.5625,1.5411,1.1228,0.3315
Uniform,Scenario B2 (GAWN Noise 0.2sigma),In-Sample Adaptation,50,0.01,99.0,0.5,Cumulative Online,100.0,0.0,0.0,127.8913,4.8757,2.174,1.2813,5.6881
Uniform,Scenario B2 (GAWN Noise 0.2sigma),One-Step-Ahead Pre-Sequential,50,0.01,99.0,0.5,Cumulative Online,99.91,0.06,0.03,127.7314,4.9432,2.4053,1.2801,5.6881
Uniform,Scenario B2 (GAWN Noise 0.2sigma),In-Sample Adaptation,50,0.01,99.0,0.5,Proposed RBULT,96.8,1.57,1.63,103.0085,0.0,0.0,1.0841,0.9889
Uniform,Scenario B2 (GAWN Noise 0.2sigma),One-Step-Ahead Pre-Sequential,50,0.01,99.0,0.5,Proposed RBULT,96.78,1.58,1.64,102.9978,0.0167,0.1342,1.084,0.9889
Uniform,Scenario B2 (GAWN Noise 0.2sigma),In-Sample Adaptation,100,0.05,95.0,2.5,Traditional Offline,94.94,2.47,2.59,99.2949,0.08,0.7168,1.0482,0.3379
Uniform,Scenario B2 (GAWN Noise 0.2sigma),One-Step-Ahead Pre-Sequential,100,0.05,95.0,2.5,Traditional Offline,94.84,2.5,2.66,99.2614,0.0806,0.7891,1.0479,0.3379
Uniform,Scenario B2 (GAWN Noise 0.2sigma),In-Sample Adaptation,100,0.05,95.0,2.5,Cumulative Online,100.0,0.0,0.0,127.8786,4.9093,2.1523,1.2804,10.5389
Uniform,Scenario B2 (GAWN Noise 0.2sigma),One-Step-Ahead Pre-Sequential,100,0.05,95.0,2.5,Cumulative Online,99.85,0.1,0.05,127.5108,5.0789,2.7924,1.2776,10.5389
Uniform,Scenario B2 (GAWN Noise 0.2sigma),In-Sample Adaptation,100,0.05,95.0,2.5,Proposed RBULT,96.73,1.57,1.7,102.8711,0.0,0.0,1.0478,2.0299
Uniform,Scenario B2 (GAWN Noise 0.2sigma),One-Step-Ahead Pre-Sequential,100,0.05,95.0,2.5,Proposed RBULT,96.67,1.6,1.73,102.8031,0.1758,0.4999,1.0476,2.0299
Uniform,Scenario B2 (GAWN Noise 0.2sigma),In-Sample Adaptation,100,0.01,99.0,0.5,Traditional Offline,98.85,0.61,0.54,110.7977,0.497,1.4246,1.1232,0.3682
Uniform,Scenario B2 (GAWN Noise 0.2sigma),One-Step-Ahead Pre-Sequential,100,0.01,99.0,0.5,Traditional Offline,98.75,0.65,0.6,110.6913,0.6292,1.5343,1.1223,0.3682
Uniform,Scenario B2 (GAWN Noise 0.2sigma),In-Sample Adaptation,100,0.01,99.0,0.5,Cumulative Online,100.0,0.0,0.0,127.8657,4.9225,2.1469,1.2807,10.9057
Uniform,Scenario B2 (GAWN Noise 0.2sigma),One-Step-Ahead Pre-Sequential,100,0.01,99.0,0.5,Cumulative Online,99.89,0.08,0.03,127.5484,5.0574,2.5665,1.278,10.9057
Uniform,Scenario B2 (GAWN Noise 0.2sigma),In-Sample Adaptation,100,0.01,99.0,0.5,Proposed RBULT,96.74,1.56,1.7,102.8686,0.0,0.0,1.0477,1.9948
Uniform,Scenario B2 (GAWN Noise 0.2sigma),One-Step-Ahead Pre-Sequential,100,0.01,99.0,0.5,Proposed RBULT,96.72,1.57,1.71,102.8513,0.047,0.1258,1.0477,1.9948
Uniform,Scenario B2 (GAWN Noise 0.2sigma),In-Sample Adaptation,500,0.05,95.0,2.5,Traditional Offline,94.97,2.48,2.55,99.3585,0.0363,0.5042,1.0484,0.3597
Uniform,Scenario B2 (GAWN Noise 0.2sigma),One-Step-Ahead Pre-Sequential,500,0.05,95.0,2.5,Traditional Offline,94.87,2.5,2.63,99.2814,0.0383,0.6038,1.0476,0.3597
Uniform,Scenario B2 (GAWN Noise 0.2sigma),In-Sample Adaptation,500,0.05,95.0,2.5,Cumulative Online,100.0,0.0,0.0,128.9233,4.714,0.0,1.2912,25.0808
Uniform,Scenario B2 (GAWN Noise 0.2sigma),One-Step-Ahead Pre-Sequential,500,0.05,95.0,2.5,Cumulative Online,99.71,0.16,0.13,127.1587,5.5342,3.6558,1.277,25.0808
Uniform,Scenario B2 (GAWN Noise 0.2sigma),In-Sample Adaptation,500,0.05,95.0,2.5,Proposed RBULT,99.79,0.21,0.0,122.6206,0.0,0.0,1.2411,10.099
Uniform,Scenario B2 (GAWN Noise 0.2sigma),One-Step-Ahead Pre-Sequential,500,0.05,95.0,2.5,Proposed RBULT,99.53,0.34,0.13,121.384,1.7322,3.6581,1.2312,10.099
Uniform,Scenario B2 (GAWN Noise 0.2sigma),In-Sample Adaptation,500,0.01,99.0,0.5,Traditional Offline,98.89,0.61,0.5,110.9743,0.2278,1.0738,1.1245,0.3576
Uniform,Scenario B2 (GAWN Noise 0.2sigma),One-Step-Ahead Pre-Sequential,500,0.01,99.0,0.5,Traditional Offline,98.83,0.62,0.55,110.7785,0.2039,1.2439,1.123,0.3576
Uniform,Scenario B2 (GAWN Noise 0.2sigma),In-Sample Adaptation,500,0.01,99.0,0.5,Cumulative Online,100.0,0.0,0.0,128.9186,4.7096,0.0,1.2912,24.9291
Uniform,Scenario B2 (GAWN Noise 0.2sigma),One-Step-Ahead Pre-Sequential,500,0.01,99.0,0.5,Cumulative Online,99.91,0.06,0.03,127.6529,5.0006,2.5978,1.2797,24.9291
Uniform,Scenario B2 (GAWN Noise 0.2sigma),In-Sample Adaptation,500,0.01,99.0,0.5,Proposed RBULT,99.79,0.21,0.0,122.5589,0.0,0.0,1.2405,10.228
Uniform,Scenario B2 (GAWN Noise 0.2sigma),One-Step-Ahead Pre-Sequential,500,0.01,99.0,0.5,Proposed RBULT,99.73,0.24,0.03,121.8238,0.6189,2.5853,1.2335,10.228
Uniform,Scenario B3 (GAWN Noise 0.3sigma),In-Sample Adaptation,50,0.05,95.0,2.5,Traditional Offline,94.76,2.62,2.62,103.567,0.251,0.9683,1.0933,0.3352
Uniform,Scenario B3 (GAWN Noise 0.3sigma),One-Step-Ahead Pre-Sequential,50,0.05,95.0,2.5,Traditional Offline,94.68,2.65,2.67,103.5203,0.2532,1.1304,1.093,0.3352
Uniform,Scenario B3 (GAWN Noise 0.3sigma),In-Sample Adaptation,50,0.05,95.0,2.5,Cumulative Online,100.0,0.0,0.0,144.5994,6.0381,3.2441,1.4483,6.1308
Uniform,Scenario B3 (GAWN Noise 0.3sigma),One-Step-Ahead Pre-Sequential,50,0.05,95.0,2.5,Cumulative Online,99.88,0.08,0.04,144.3191,6.2002,3.8378,1.4461,6.1308
Uniform,Scenario B3 (GAWN Noise 0.3sigma),In-Sample Adaptation,50,0.05,95.0,2.5,Proposed RBULT,97.08,0.9,2.02,111.2459,0.0,0.0,1.1707,0.9827
Uniform,Scenario B3 (GAWN Noise 0.3sigma),One-Step-Ahead Pre-Sequential,50,0.05,95.0,2.5,Proposed RBULT,97.04,0.92,2.04,111.1635,0.4432,0.7196,1.17,0.9827
Uniform,Scenario B3 (GAWN Noise 0.3sigma),In-Sample Adaptation,50,0.01,99.0,0.5,Traditional Offline,98.88,0.6,0.52,120.0995,0.7378,2.0646,1.2176,0.3311
Uniform,Scenario B3 (GAWN Noise 0.3sigma),One-Step-Ahead Pre-Sequential,50,0.01,99.0,0.5,Traditional Offline,98.82,0.62,0.56,120.0253,0.7726,2.1698,1.2172,0.3311
Uniform,Scenario B3 (GAWN Noise 0.3sigma),In-Sample Adaptation,50,0.01,99.0,0.5,Cumulative Online,100.0,0.0,0.0,144.5974,6.0413,3.246,1.4487,6.1224
Uniform,Scenario B3 (GAWN Noise 0.3sigma),One-Step-Ahead Pre-Sequential,50,0.01,99.0,0.5,Cumulative Online,99.9,0.07,0.03,144.3789,6.1317,3.5838,1.4469,6.1224
Uniform,Scenario B3 (GAWN Noise 0.3sigma),In-Sample Adaptation,50,0.01,99.0,0.5,Proposed RBULT,97.03,0.9,2.07,111.0282,0.0,0.0,1.1685,0.9872
Uniform,Scenario B3 (GAWN Noise 0.3sigma),One-Step-Ahead Pre-Sequential,50,0.01,99.0,0.5,Proposed RBULT,97.01,0.91,2.08,111.0087,0.1013,0.1735,1.1683,0.9872
Uniform,Scenario B3 (GAWN Noise 0.3sigma),In-Sample Adaptation,100,0.05,95.0,2.5,Traditional Offline,94.75,2.64,2.61,103.5946,0.2825,0.8168,1.0936,0.3338
Uniform,Scenario B3 (GAWN Noise 0.3sigma),One-Step-Ahead Pre-Sequential,100,0.05,95.0,2.5,Traditional Offline,94.72,2.64,2.64,103.5379,0.2888,0.9318,1.0931,0.3338
Uniform,Scenario B3 (GAWN Noise 0.3sigma),In-Sample Adaptation,100,0.05,95.0,2.5,Cumulative Online,100.0,0.0,0.0,144.7124,5.9626,3.1894,1.449,10.5172
Uniform,Scenario B3 (GAWN Noise 0.3sigma),One-Step-Ahead Pre-Sequential,100,0.05,95.0,2.5,Cumulative Online,99.85,0.09,0.06,144.1883,6.2902,4.0652,1.4447,10.5172
Uniform,Scenario B3 (GAWN Noise 0.3sigma),In-Sample Adaptation,100,0.05,95.0,2.5,Proposed RBULT,97.01,0.91,2.08,110.8621,0.0,0.0,1.1292,1.992
Uniform,Scenario B3 (GAWN Noise 0.3sigma),One-Step-Ahead Pre-Sequential,100,0.05,95.0,2.5,Proposed RBULT,96.95,0.94,2.11,110.7377,0.6235,0.6144,1.1284,1.992
Uniform,Scenario B3 (GAWN Noise 0.3sigma),In-Sample Adaptation,100,0.01,99.0,0.5,Traditional Offline,98.9,0.58,0.52,120.117,0.7495,2.0297,1.2176,0.3326
Uniform,Scenario B3 (GAWN Noise 0.3sigma),One-Step-Ahead Pre-Sequential,100,0.01,99.0,0.5,Traditional Offline,98.83,0.61,0.56,119.9805,0.7973,2.2093,1.2165,0.3326
Uniform,Scenario B3 (GAWN Noise 0.3sigma),In-Sample Adaptation,100,0.01,99.0,0.5,Cumulative Online,100.0,0.0,0.0,144.702,5.9732,3.1918,1.4493,10.484
Uniform,Scenario B3 (GAWN Noise 0.3sigma),One-Step-Ahead Pre-Sequential,100,0.01,99.0,0.5,Cumulative Online,99.89,0.07,0.04,144.2769,6.1423,3.809,1.4456,10.484
Uniform,Scenario B3 (GAWN Noise 0.3sigma),In-Sample Adaptation,100,0.01,99.0,0.5,Proposed RBULT,97.01,0.92,2.07,110.898,0.0,0.0,1.1294,1.9848
Uniform,Scenario B3 (GAWN Noise 0.3sigma),One-Step-Ahead Pre-Sequential,100,0.01,99.0,0.5,Proposed RBULT,96.99,0.93,2.08,110.8722,0.0784,0.1781,1.1294,1.9848
Uniform,Scenario B3 (GAWN Noise 0.3sigma),In-Sample Adaptation,500,0.05,95.0,2.5,Traditional Offline,94.81,2.61,2.58,103.669,0.1677,0.6077,1.0939,0.3595
Uniform,Scenario B3 (GAWN Noise 0.3sigma),One-Step-Ahead Pre-Sequential,500,0.05,95.0,2.5,Traditional Offline,94.69,2.63,2.68,103.5768,0.1835,0.7256,1.093,0.3595
Uniform,Scenario B3 (GAWN Noise 0.3sigma),In-Sample Adaptation,500,0.05,95.0,2.5,Cumulative Online,100.0,0.0,0.0,145.7614,5.6333,0.0,1.4599,24.2343
Uniform,Scenario B3 (GAWN Noise 0.3sigma),One-Step-Ahead Pre-Sequential,500,0.05,95.0,2.5,Cumulative Online,99.71,0.16,0.13,143.3323,7.0319,5.0587,1.4394,24.2343
Uniform,Scenario B3 (GAWN Noise 0.3sigma),In-Sample Adaptation,500,0.05,95.0,2.5,Proposed RBULT,99.82,0.18,0.0,137.4551,0.0,0.0,1.3913,9.807
Uniform,Scenario B3 (GAWN Noise 0.3sigma),One-Step-Ahead Pre-Sequential,500,0.05,95.0,2.5,Proposed RBULT,99.56,0.31,0.13,135.6948,2.6143,5.0587,1.3764,9.807
Uniform,Scenario B3 (GAWN Noise 0.3sigma),In-Sample Adaptation,500,0.01,99.0,0.5,Traditional Offline,98.91,0.59,0.5,120.4634,0.6196,1.2047,1.2206,0.3585
Uniform,Scenario B3 (GAWN Noise 0.3sigma),One-Step-Ahead Pre-Sequential,500,0.01,99.0,0.5,Traditional Offline,98.85,0.61,0.54,120.1669,0.5635,1.4816,1.2181,0.3585
Uniform,Scenario B3 (GAWN Noise 0.3sigma),In-Sample Adaptation,500,0.01,99.0,0.5,Cumulative Online,100.0,0.0,0.0,145.7603,5.6345,0.0,1.4598,24.2457
Uniform,Scenario B3 (GAWN Noise 0.3sigma),One-Step-Ahead Pre-Sequential,500,0.01,99.0,0.5,Cumulative Online,99.91,0.06,0.03,144.0208,6.2041,3.5739,1.4438,24.2457
Uniform,Scenario B3 (GAWN Noise 0.3sigma),In-Sample Adaptation,500,0.01,99.0,0.5,Proposed RBULT,99.82,0.18,0.0,137.4551,0.0,0.0,1.3913,9.948
Uniform,Scenario B3 (GAWN Noise 0.3sigma),One-Step-Ahead Pre-Sequential,500,0.01,99.0,0.5,Proposed RBULT,99.76,0.21,0.03,136.3843,1.0935,3.5739,1.381,9.948
Uniform,Scenario C1 (Impulse Spikes 1%),In-Sample Adaptation,50,0.05,95.0,2.5,Traditional Offline,95.11,2.62,2.27,96.0733,0.2217,4.8057,1.0142,0.3369
Uniform,Scenario C1 (Impulse Spikes 1%),One-Step-Ahead Pre-Sequential,50,0.05,95.0,2.5,Traditional Offline,95.08,2.65,2.27,96.4062,0.2466,6.7739,1.0178,0.3369
Uniform,Scenario C1 (Impulse Spikes 1%),In-Sample Adaptation,50,0.05,95.0,2.5,Cumulative Online,100.0,0.0,0.0,333.4976,19.4767,4.7698,3.3404,8.4504
Uniform,Scenario C1 (Impulse Spikes 1%),One-Step-Ahead Pre-Sequential,50,0.05,95.0,2.5,Cumulative Online,99.83,0.1,0.07,332.5889,21.1852,6.0481,3.3325,8.4504
Uniform,Scenario C1 (Impulse Spikes 1%),In-Sample Adaptation,50,0.05,95.0,2.5,Proposed RBULT,94.39,2.51,3.1,94.9826,0.0,0.0,0.9996,0.986
Uniform,Scenario C1 (Impulse Spikes 1%),One-Step-Ahead Pre-Sequential,50,0.05,95.0,2.5,Proposed RBULT,94.37,2.53,3.1,95.3188,0.1165,4.8593,1.0032,0.986
Uniform,Scenario C1 (Impulse Spikes 1%),In-Sample Adaptation,50,0.01,99.0,0.5,Traditional Offline,98.95,0.6,0.45,161.4559,29.2573,36.8663,1.6369,0.3293
Uniform,Scenario C1 (Impulse Spikes 1%),One-Step-Ahead Pre-Sequential,50,0.01,99.0,0.5,Traditional Offline,98.91,0.63,0.46,161.5463,29.2657,36.9625,1.6382,0.3293
Uniform,Scenario C1 (Impulse Spikes 1%),In-Sample Adaptation,50,0.01,99.0,0.5,Cumulative Online,100.0,0.0,0.0,333.4975,19.4777,4.7698,3.3413,8.4182
Uniform,Scenario C1 (Impulse Spikes 1%),One-Step-Ahead Pre-Sequential,50,0.01,99.0,0.5,Cumulative Online,99.85,0.09,0.06,332.7017,21.1498,5.2592,3.3343,8.4182
Uniform,Scenario C1 (Impulse Spikes 1%),In-Sample Adaptation,50,0.01,99.0,0.5,Proposed RBULT,94.38,2.51,3.11,94.9672,0.0,0.0,0.9995,0.9859
Uniform,Scenario C1 (Impulse Spikes 1%),One-Step-Ahead Pre-Sequential,50,0.01,99.0,0.5,Proposed RBULT,94.38,2.52,3.1,95.4164,0.0239,6.3605,1.0042,0.9859
Uniform,Scenario C1 (Impulse Spikes 1%),In-Sample Adaptation,100,0.05,95.0,2.5,Traditional Offline,95.12,2.61,2.27,95.7346,0.205,0.2682,1.0106,0.3367
Uniform,Scenario C1 (Impulse Spikes 1%),One-Step-Ahead Pre-Sequential,100,0.05,95.0,2.5,Traditional Offline,95.06,2.65,2.29,95.7271,0.2194,0.2674,1.0106,0.3367
Uniform,Scenario C1 (Impulse Spikes 1%),In-Sample Adaptation,100,0.05,95.0,2.5,Cumulative Online,100.0,0.0,0.0,334.1701,17.6372,4.7282,3.346,13.7725
Uniform,Scenario C1 (Impulse Spikes 1%),One-Step-Ahead Pre-Sequential,100,0.05,95.0,2.5,Cumulative Online,99.82,0.1,0.08,331.6796,21.1901,12.9211,3.3232,13.7725
Uniform,Scenario C1 (Impulse Spikes 1%),In-Sample Adaptation,100,0.05,95.0,2.5,Proposed RBULT,97.55,0.9,1.55,98.223,0.0,0.0,1.0005,2.0901
Uniform,Scenario C1 (Impulse Spikes 1%),One-Step-Ahead Pre-Sequential,100,0.05,95.0,2.5,Proposed RBULT,97.51,0.93,1.56,98.19,0.2433,0.0859,1.0006,2.0901
Uniform,Scenario C1 (Impulse Spikes 1%),In-Sample Adaptation,100,0.01,99.0,0.5,Traditional Offline,98.96,0.59,0.45,162.0368,29.7915,36.6964,1.6426,0.3353
Uniform,Scenario C1 (Impulse Spikes 1%),One-Step-Ahead Pre-Sequential,100,0.01,99.0,0.5,Traditional Offline,98.92,0.62,0.46,162.2245,29.8,36.8799,1.6449,0.3353
Uniform,Scenario C1 (Impulse Spikes 1%),In-Sample Adaptation,100,0.01,99.0,0.5,Cumulative Online,100.0,0.0,0.0,334.1701,17.6372,4.7282,3.3471,13.6944
Uniform,Scenario C1 (Impulse Spikes 1%),One-Step-Ahead Pre-Sequential,100,0.01,99.0,0.5,Cumulative Online,99.86,0.08,0.06,332.5853,21.0983,5.6936,3.3323,13.6944
Uniform,Scenario C1 (Impulse Spikes 1%),In-Sample Adaptation,100,0.01,99.0,0.5,Proposed RBULT,97.53,0.89,1.58,98.1982,0.0,0.0,1.0001,1.9983
Uniform,Scenario C1 (Impulse Spikes 1%),One-Step-Ahead Pre-Sequential,100,0.01,99.0,0.5,Proposed RBULT,97.53,0.9,1.57,99.0711,0.0782,8.7636,1.0091,1.9983
Uniform,Scenario C1 (Impulse Spikes 1%),In-Sample Adaptation,500,0.05,95.0,2.5,Traditional Offline,95.07,2.6,2.33,95.7551,0.1661,0.2323,1.0104,0.3573
Uniform,Scenario C1 (Impulse Spikes 1%),One-Step-Ahead Pre-Sequential,500,0.05,95.0,2.5,Traditional Offline,95.1,2.59,2.31,95.7511,0.1705,0.2428,1.0104,0.3573
Uniform,Scenario C1 (Impulse Spikes 1%),In-Sample Adaptation,500,0.05,95.0,2.5,Cumulative Online,100.0,0.0,0.0,337.1513,5.8898,3.5093,3.3767,60.9174
Uniform,Scenario C1 (Impulse Spikes 1%),One-Step-Ahead Pre-Sequential,500,0.05,95.0,2.5,Cumulative Online,99.64,0.19,0.17,324.7319,26.7229,26.7096,3.2611,60.9174
Uniform,Scenario C1 (Impulse Spikes 1%),In-Sample Adaptation,500,0.05,95.0,2.5,Proposed RBULT,98.05,0.88,1.07,98.7966,0.0,0.0,1.0,12.5058
Uniform,Scenario C1 (Impulse Spikes 1%),One-Step-Ahead Pre-Sequential,500,0.05,95.0,2.5,Proposed RBULT,97.85,0.99,1.16,98.6359,0.3113,0.3894,1.0005,12.5058
Uniform,Scenario C1 (Impulse Spikes 1%),In-Sample Adaptation,500,0.01,99.0,0.5,Traditional Offline,98.99,0.56,0.45,167.4784,32.6622,36.554,1.697,0.3786
Uniform,Scenario C1 (Impulse Spikes 1%),One-Step-Ahead Pre-Sequential,500,0.01,99.0,0.5,Traditional Offline,98.96,0.6,0.44,168.4443,32.6832,37.4789,1.7075,0.3786
Uniform,Scenario C1 (Impulse Spikes 1%),In-Sample Adaptation,500,0.01,99.0,0.5,Cumulative Online,100.0,0.0,0.0,337.1577,5.8898,3.5011,3.3767,45.8662
Uniform,Scenario C1 (Impulse Spikes 1%),One-Step-Ahead Pre-Sequential,500,0.01,99.0,0.5,Cumulative Online,99.84,0.09,0.07,329.2613,26.424,7.879,3.3008,45.8662
Uniform,Scenario C1 (Impulse Spikes 1%),In-Sample Adaptation,500,0.01,99.0,0.5,Proposed RBULT,98.05,0.88,1.07,98.794,0.0,0.0,1.0,14.989
Uniform,Scenario C1 (Impulse Spikes 1%),One-Step-Ahead Pre-Sequential,500,0.01,99.0,0.5,Proposed RBULT,98.05,0.89,1.06,103.1564,0.005,19.0203,1.0445,14.989
Uniform,Scenario C2 (Impulse Spikes 5%),In-Sample Adaptation,50,0.05,95.0,2.5,Traditional Offline,95.15,2.45,2.4,180.2248,21.5669,31.3926,1.9026,0.3365
Uniform,Scenario C2 (Impulse Spikes 5%),One-Step-Ahead Pre-Sequential,50,0.05,95.0,2.5,Traditional Offline,95.07,2.53,2.4,180.3085,22.056,31.7675,1.9037,0.3365
Uniform,Scenario C2 (Impulse Spikes 5%),In-Sample Adaptation,50,0.05,95.0,2.5,Cumulative Online,100.0,0.0,0.0,343.8245,2.9803,0.6506,3.4438,3.804
Uniform,Scenario C2 (Impulse Spikes 5%),One-Step-Ahead Pre-Sequential,50,0.05,95.0,2.5,Cumulative Online,99.88,0.07,0.05,343.0261,9.2726,2.4637,3.4371,3.804
Uniform,Scenario C2 (Impulse Spikes 5%),In-Sample Adaptation,50,0.05,95.0,2.5,Proposed RBULT,98.11,1.83,0.06,303.2981,0.0,0.0,3.1918,0.8227
Uniform,Scenario C2 (Impulse Spikes 5%),One-Step-Ahead Pre-Sequential,50,0.05,95.0,2.5,Proposed RBULT,98.07,1.85,0.08,302.7098,5.9758,2.3237,3.1861,0.8227
Uniform,Scenario C2 (Impulse Spikes 5%),In-Sample Adaptation,50,0.01,99.0,0.5,Traditional Offline,99.01,0.46,0.53,324.6108,4.0374,1.2364,3.2911,0.9191
Uniform,Scenario C2 (Impulse Spikes 5%),One-Step-Ahead Pre-Sequential,50,0.01,99.0,0.5,Traditional Offline,98.96,0.51,0.53,324.3608,5.4984,1.2524,3.2893,0.9191
Uniform,Scenario C2 (Impulse Spikes 5%),In-Sample Adaptation,50,0.01,99.0,0.5,Cumulative Online,100.0,0.0,0.0,343.9465,3.0305,0.8289,3.446,4.6123
Uniform,Scenario C2 (Impulse Spikes 5%),One-Step-Ahead Pre-Sequential,50,0.01,99.0,0.5,Cumulative Online,99.9,0.06,0.04,343.591,5.2275,1.041,3.4434,4.6123
Uniform,Scenario C2 (Impulse Spikes 5%),In-Sample Adaptation,50,0.01,99.0,0.5,Proposed RBULT,98.11,1.83,0.06,303.2981,0.0,0.0,3.1921,0.489
Uniform,Scenario C2 (Impulse Spikes 5%),One-Step-Ahead Pre-Sequential,50,0.01,99.0,0.5,Proposed RBULT,98.09,1.84,0.07,303.1545,1.4587,0.5674,3.1906,0.489
Uniform,Scenario C2 (Impulse Spikes 5%),In-Sample Adaptation,100,0.05,95.0,2.5,Traditional Offline,95.18,2.42,2.4,179.3499,22.3945,30.8968,1.8933,0.3354
Uniform,Scenario C2 (Impulse Spikes 5%),One-Step-Ahead Pre-Sequential,100,0.05,95.0,2.5,Traditional Offline,95.13,2.46,2.41,180.3659,22.4699,31.6649,1.9042,0.3354
Uniform,Scenario C2 (Impulse Spikes 5%),In-Sample Adaptation,100,0.05,95.0,2.5,Cumulative Online,100.0,0.0,0.0,343.9149,0.9113,0.268,3.4436,5.7317
Uniform,Scenario C2 (Impulse Spikes 5%),One-Step-Ahead Pre-Sequential,100,0.05,95.0,2.5,Cumulative Online,99.9,0.05,0.05,343.1715,4.0564,3.3634,3.4383,5.7317
Uniform,Scenario C2 (Impulse Spikes 5%),In-Sample Adaptation,100,0.05,95.0,2.5,Proposed RBULT,99.11,0.19,0.7,325.383,0.0,0.0,3.3142,1.9736
Uniform,Scenario C2 (Impulse Spikes 5%),One-Step-Ahead Pre-Sequential,100,0.05,95.0,2.5,Proposed RBULT,99.06,0.22,0.72,324.8339,3.6909,1.7722,3.3101,1.9736
Uniform,Scenario C2 (Impulse Spikes 5%),In-Sample Adaptation,100,0.01,99.0,0.5,Traditional Offline,99.02,0.45,0.53,324.824,1.8074,1.282,3.2927,0.3323
Uniform,Scenario C2 (Impulse Spikes 5%),One-Step-Ahead Pre-Sequential,100,0.01,99.0,0.5,Traditional Offline,99.0,0.47,0.53,324.7262,2.2304,1.3182,3.2925,0.3323
Uniform,Scenario C2 (Impulse Spikes 5%),In-Sample Adaptation,100,0.01,99.0,0.5,Cumulative Online,100.0,0.0,0.0,343.8234,0.9574,0.3495,3.4437,6.8368
Uniform,Scenario C2 (Impulse Spikes 5%),One-Step-Ahead Pre-Sequential,100,0.01,99.0,0.5,Cumulative Online,99.93,0.03,0.04,343.5233,2.2671,0.9008,3.4419,6.8368
Uniform,Scenario C2 (Impulse Spikes 5%),In-Sample Adaptation,100,0.01,99.0,0.5,Proposed RBULT,99.14,0.15,0.71,325.586,0.0,0.0,3.3159,1.9754
Uniform,Scenario C2 (Impulse Spikes 5%),One-Step-Ahead Pre-Sequential,100,0.01,99.0,0.5,Proposed RBULT,99.13,0.16,0.71,325.4781,1.8343,0.761,3.3154,1.9754
Uniform,Scenario C2 (Impulse Spikes 5%),In-Sample Adaptation,500,0.05,95.0,2.5,Traditional Offline,95.13,2.41,2.46,171.3149,25.151,26.4816,1.8077,0.3598
Uniform,Scenario C2 (Impulse Spikes 5%),One-Step-Ahead Pre-Sequential,500,0.05,95.0,2.5,Traditional Offline,95.14,2.43,2.43,175.8928,25.5533,30.0578,1.8561,0.3598
Uniform,Scenario C2 (Impulse Spikes 5%),In-Sample Adaptation,500,0.05,95.0,2.5,Cumulative Online,100.0,0.0,0.0,343.9252,1.1683,0.3972,3.4446,34.2446
Uniform,Scenario C2 (Impulse Spikes 5%),One-Step-Ahead Pre-Sequential,500,0.05,95.0,2.5,Cumulative Online,99.69,0.15,0.16,339.7053,8.752,9.5182,3.4115,34.2446
Uniform,Scenario C2 (Impulse Spikes 5%),In-Sample Adaptation,500,0.05,95.0,2.5,Proposed RBULT,97.13,1.51,1.36,278.3814,0.0,0.0,2.8177,10.3331
Uniform,Scenario C2 (Impulse Spikes 5%),One-Step-Ahead Pre-Sequential,500,0.05,95.0,2.5,Proposed RBULT,97.04,1.54,1.42,277.4843,1.3308,2.5796,2.8146,10.3331
Uniform,Scenario C2 (Impulse Spikes 5%),In-Sample Adaptation,500,0.01,99.0,0.5,Traditional Offline,99.02,0.45,0.53,324.5773,1.479,1.3233,3.2889,0.3578
Uniform,Scenario C2 (Impulse Spikes 5%),One-Step-Ahead Pre-Sequential,500,0.01,99.0,0.5,Traditional Offline,99.02,0.45,0.53,324.7473,1.5529,1.3342,3.292,0.3578
Uniform,Scenario C2 (Impulse Spikes 5%),In-Sample Adaptation,500,0.01,99.0,0.5,Cumulative Online,100.0,0.0,0.0,344.0566,1.1619,0.4764,3.4458,34.0648
Uniform,Scenario C2 (Impulse Spikes 5%),One-Step-Ahead Pre-Sequential,500,0.01,99.0,0.5,Cumulative Online,99.89,0.05,0.06,343.2032,1.6427,2.3732,3.4406,34.0648
Uniform,Scenario C2 (Impulse Spikes 5%),In-Sample Adaptation,500,0.01,99.0,0.5,Proposed RBULT,97.13,1.51,1.36,278.3977,0.0,0.0,2.8179,9.8908
Uniform,Scenario C2 (Impulse Spikes 5%),One-Step-Ahead Pre-Sequential,500,0.01,99.0,0.5,Proposed RBULT,97.24,1.44,1.32,280.8764,6.1795,4.6247,2.8441,9.8908
Uniform,Scenario C3 (Impulse Spikes 10%),In-Sample Adaptation,50,0.05,95.0,2.5,Traditional Offline,95.07,2.37,2.56,288.5569,3.1432,4.1411,3.0462,0.3323
Uniform,Scenario C3 (Impulse Spikes 10%),One-Step-Ahead Pre-Sequential,50,0.05,95.0,2.5,Traditional Offline,95.0,2.43,2.57,288.6252,3.3386,4.6048,3.0473,0.3323
Uniform,Scenario C3 (Impulse Spikes 10%),In-Sample Adaptation,50,0.05,95.0,2.5,Cumulative Online,100.0,0.0,0.0,344.4783,1.2617,0.6541,3.4504,5.2658
Uniform,Scenario C3 (Impulse Spikes 10%),One-Step-Ahead Pre-Sequential,50,0.05,95.0,2.5,Cumulative Online,99.88,0.07,0.05,344.2547,3.1847,0.6669,3.4494,5.2658
Uniform,Scenario C3 (Impulse Spikes 10%),In-Sample Adaptation,50,0.05,95.0,2.5,Proposed RBULT,99.53,0.41,0.06,339.7496,0.0,0.0,3.5754,0.9838
Uniform,Scenario C3 (Impulse Spikes 10%),One-Step-Ahead Pre-Sequential,50,0.05,95.0,2.5,Proposed RBULT,99.49,0.43,0.08,339.5561,2.6368,0.0929,3.5739,0.9838
Uniform,Scenario C3 (Impulse Spikes 10%),In-Sample Adaptation,50,0.01,99.0,0.5,Traditional Offline,99.01,0.44,0.55,333.8018,0.7041,1.6594,3.3843,0.3291
Uniform,Scenario C3 (Impulse Spikes 10%),One-Step-Ahead Pre-Sequential,50,0.01,99.0,0.5,Traditional Offline,98.98,0.45,0.57,333.7855,0.9286,1.6998,3.3848,0.3291
Uniform,Scenario C3 (Impulse Spikes 10%),In-Sample Adaptation,50,0.01,99.0,0.5,Cumulative Online,100.0,0.0,0.0,344.3957,1.2839,0.5926,3.4505,4.3102
Uniform,Scenario C3 (Impulse Spikes 10%),One-Step-Ahead Pre-Sequential,50,0.01,99.0,0.5,Cumulative Online,99.91,0.05,0.04,344.3199,1.587,0.593,3.4507,4.3102
Uniform,Scenario C3 (Impulse Spikes 10%),In-Sample Adaptation,50,0.01,99.0,0.5,Proposed RBULT,99.57,0.37,0.06,339.9649,0.0,0.0,3.578,0.984
Uniform,Scenario C3 (Impulse Spikes 10%),One-Step-Ahead Pre-Sequential,50,0.01,99.0,0.5,Proposed RBULT,99.55,0.38,0.07,339.9173,0.6655,0.0057,3.5776,0.984
Uniform,Scenario C3 (Impulse Spikes 10%),In-Sample Adaptation,100,0.05,95.0,2.5,Traditional Offline,95.08,2.34,2.58,288.5184,2.8472,3.7301,3.0457,0.3342
Uniform,Scenario C3 (Impulse Spikes 10%),One-Step-Ahead Pre-Sequential,100,0.05,95.0,2.5,Traditional Offline,95.05,2.38,2.57,288.7222,2.8405,4.2163,3.0481,0.3342
Uniform,Scenario C3 (Impulse Spikes 10%),In-Sample Adaptation,100,0.05,95.0,2.5,Cumulative Online,100.0,0.0,0.0,344.3801,1.3396,0.2901,3.4483,5.8754
Uniform,Scenario C3 (Impulse Spikes 10%),One-Step-Ahead Pre-Sequential,100,0.05,95.0,2.5,Cumulative Online,99.9,0.05,0.05,344.0051,2.9202,1.0856,3.4467,5.8754
Uniform,Scenario C3 (Impulse Spikes 10%),In-Sample Adaptation,100,0.05,95.0,2.5,Proposed RBULT,99.58,0.36,0.06,340.1256,0.0,0.0,3.4644,1.9759
Uniform,Scenario C3 (Impulse Spikes 10%),One-Step-Ahead Pre-Sequential,100,0.05,95.0,2.5,Proposed RBULT,99.52,0.39,0.09,339.802,2.2066,1.0131,3.4626,1.9759
Uniform,Scenario C3 (Impulse Spikes 10%),In-Sample Adaptation,100,0.01,99.0,0.5,Traditional Offline,99.03,0.43,0.54,333.8315,0.3547,1.6414,3.3841,0.333
Uniform,Scenario C3 (Impulse Spikes 10%),One-Step-Ahead Pre-Sequential,100,0.01,99.0,0.5,Traditional Offline,99.01,0.44,0.55,333.89,0.3484,1.7203,3.3854,0.333
Uniform,Scenario C3 (Impulse Spikes 10%),In-Sample Adaptation,100,0.01,99.0,0.5,Cumulative Online,100.0,0.0,0.0,344.3055,1.2104,0.3031,3.4486,7.6894
Uniform,Scenario C3 (Impulse Spikes 10%),One-Step-Ahead Pre-Sequential,100,0.01,99.0,0.5,Cumulative Online,99.93,0.03,0.04,344.2502,1.2815,0.3052,3.4492,7.6894
Uniform,Scenario C3 (Impulse Spikes 10%),In-Sample Adaptation,100,0.01,99.0,0.5,Proposed RBULT,99.58,0.36,0.06,340.1685,0.0,0.0,3.4644,2.0244
Uniform,Scenario C3 (Impulse Spikes 10%),One-Step-Ahead Pre-Sequential,100,0.01,99.0,0.5,Proposed RBULT,99.56,0.37,0.07,340.1624,0.0428,0.0173,3.4649,2.0244
Uniform,Scenario C3 (Impulse Spikes 10%),In-Sample Adaptation,500,0.05,95.0,2.5,Traditional Offline,94.99,2.37,2.64,287.7701,2.8037,2.51,3.0366,0.3619
Uniform,Scenario C3 (Impulse Spikes 10%),One-Step-Ahead Pre-Sequential,500,0.05,95.0,2.5,Traditional Offline,95.03,2.36,2.61,288.6122,3.388,2.9748,3.0455,0.3619
Uniform,Scenario C3 (Impulse Spikes 10%),In-Sample Adaptation,500,0.05,95.0,2.5,Cumulative Online,100.0,0.0,0.0,344.2067,1.2458,0.303,3.4474,39.7127
Uniform,Scenario C3 (Impulse Spikes 10%),One-Step-Ahead Pre-Sequential,500,0.05,95.0,2.5,Cumulative Online,99.67,0.17,0.16,342.1635,3.7987,5.1206,3.4362,39.7127
Uniform,Scenario C3 (Impulse Spikes 10%),In-Sample Adaptation,500,0.05,95.0,2.5,Proposed RBULT,99.59,0.35,0.06,340.1801,0.0,0.0,3.4432,10.4907
Uniform,Scenario C3 (Impulse Spikes 10%),One-Step-Ahead Pre-Sequential,500,0.05,95.0,2.5,Proposed RBULT,99.33,0.48,0.19,338.3824,2.7926,5.0432,3.4323,10.4907
Uniform,Scenario C3 (Impulse Spikes 10%),In-Sample Adaptation,500,0.01,99.0,0.5,Traditional Offline,98.96,0.45,0.59,333.685,0.3837,1.5328,3.3812,0.3593
Uniform,Scenario C3 (Impulse Spikes 10%),One-Step-Ahead Pre-Sequential,500,0.01,99.0,0.5,Traditional Offline,98.98,0.44,0.58,333.8848,0.3353,1.7663,3.3846,0.3593
Uniform,Scenario C3 (Impulse Spikes 10%),In-Sample Adaptation,500,0.01,99.0,0.5,Cumulative Online,100.0,0.0,0.0,344.1659,1.244,0.2979,3.4469,40.0389
Uniform,Scenario C3 (Impulse Spikes 10%),One-Step-Ahead Pre-Sequential,500,0.01,99.0,0.5,Cumulative Online,99.87,0.07,0.06,343.8014,1.6033,0.4779,3.4466,40.0389
Uniform,Scenario C3 (Impulse Spikes 10%),In-Sample Adaptation,500,0.01,99.0,0.5,Proposed RBULT,99.58,0.36,0.06,340.1553,0.0,0.0,3.443,10.4644
Uniform,Scenario C3 (Impulse Spikes 10%),One-Step-Ahead Pre-Sequential,500,0.01,99.0,0.5,Proposed RBULT,99.52,0.39,0.09,340.0328,0.2189,0.3151,3.4431,10.4644
Wald,Scenario A (Clean),In-Sample Adaptation,50,0.05,95.0,2.5,Traditional Offline,94.85,2.57,2.58,2.6939,0.008,0.1324,1.0,0.3404
Wald,Scenario A (Clean),One-Step-Ahead Pre-Sequential,50,0.05,95.0,2.5,Traditional Offline,94.74,2.61,2.65,2.689,0.0104,0.146,1.0,0.3404
Wald,Scenario A (Clean),In-Sample Adaptation,50,0.05,95.0,2.5,Cumulative Online,100.0,0.0,0.0,6.3632,0.0161,0.8609,1.0003,7.1003
Wald,Scenario A (Clean),One-Step-Ahead Pre-Sequential,50,0.05,95.0,2.5,Cumulative Online,99.85,0.07,0.08,6.3354,0.0236,0.9126,1.0003,7.1003
Wald,Scenario A (Clean),In-Sample Adaptation,50,0.05,95.0,2.5,Proposed RBULT,88.29,4.03,7.68,1.7975,0.0,0.0,1.0003,0.9595
Wald,Scenario A (Clean),One-Step-Ahead Pre-Sequential,50,0.05,95.0,2.5,Proposed RBULT,88.26,4.05,7.69,1.7971,0.0046,0.0006,1.0003,0.9595
Wald,Scenario A (Clean),In-Sample Adaptation,50,0.01,99.0,0.5,Traditional Offline,98.85,0.53,0.62,3.9684,0.0125,0.2834,1.0,0.3382
Wald,Scenario A (Clean),One-Step-Ahead Pre-Sequential,50,0.01,99.0,0.5,Traditional Offline,98.73,0.59,0.68,3.9579,0.0151,0.3092,1.0,0.3382
Wald,Scenario A (Clean),In-Sample Adaptation,50,0.01,99.0,0.5,Cumulative Online,100.0,0.0,0.0,6.3616,0.0163,0.8609,1.0001,6.5766
Wald,Scenario A (Clean),One-Step-Ahead Pre-Sequential,50,0.01,99.0,0.5,Cumulative Online,99.88,0.05,0.07,6.3356,0.0212,0.9054,1.0001,6.5766
Wald,Scenario A (Clean),In-Sample Adaptation,50,0.01,99.0,0.5,Proposed RBULT,88.28,4.04,7.68,1.7973,0.0,0.0,1.0002,1.0424
Wald,Scenario A (Clean),One-Step-Ahead Pre-Sequential,50,0.01,99.0,0.5,Proposed RBULT,88.27,4.05,7.68,1.7987,0.0011,0.0213,1.0002,1.0424
Wald,Scenario A (Clean),In-Sample Adaptation,100,0.05,95.0,2.5,Traditional Offline,94.88,2.57,2.55,2.6961,0.0045,0.1292,1.0,0.3432
Wald,Scenario A (Clean),One-Step-Ahead Pre-Sequential,100,0.05,95.0,2.5,Traditional Offline,94.75,2.58,2.67,2.6863,0.0057,0.1597,1.0,0.3432
Wald,Scenario A (Clean),In-Sample Adaptation,100,0.05,95.0,2.5,Cumulative Online,100.0,0.0,0.0,6.3698,0.0127,0.8437,0.9999,12.5042
Wald,Scenario A (Clean),One-Step-Ahead Pre-Sequential,100,0.05,95.0,2.5,Cumulative Online,99.83,0.07,0.1,6.314,0.0221,0.949,0.9999,12.5042
Wald,Scenario A (Clean),In-Sample Adaptation,100,0.05,95.0,2.5,Proposed RBULT,91.31,1.05,7.64,1.8749,0.0,0.0,1.0016,1.9941
Wald,Scenario A (Clean),One-Step-Ahead Pre-Sequential,100,0.05,95.0,2.5,Proposed RBULT,91.26,1.08,7.66,1.8733,0.008,0.0078,1.0016,1.9941
Wald,Scenario A (Clean),In-Sample Adaptation,100,0.01,99.0,0.5,Traditional Offline,98.86,0.52,0.62,3.9655,0.0106,0.2913,1.0,0.3507
Wald,Scenario A (Clean),One-Step-Ahead Pre-Sequential,100,0.01,99.0,0.5,Traditional Offline,98.71,0.56,0.73,3.9442,0.0125,0.3445,1.0,0.3507
Wald,Scenario A (Clean),In-Sample Adaptation,100,0.01,99.0,0.5,Cumulative Online,100.0,0.0,0.0,6.3697,0.0127,0.8439,0.9997,12.5155
Wald,Scenario A (Clean),One-Step-Ahead Pre-Sequential,100,0.01,99.0,0.5,Cumulative Online,99.87,0.05,0.08,6.3171,0.0188,0.9365,0.9997,12.5155
Wald,Scenario A (Clean),In-Sample Adaptation,100,0.01,99.0,0.5,Proposed RBULT,91.25,1.07,7.68,1.8725,0.0,0.0,1.0001,1.9899
Wald,Scenario A (Clean),One-Step-Ahead Pre-Sequential,100,0.01,99.0,0.5,Proposed RBULT,91.24,1.08,7.68,1.8742,0.0037,0.0201,1.0001,1.9899
Wald,Scenario A (Clean),In-Sample Adaptation,500,0.05,95.0,2.5,Traditional Offline,94.99,2.55,2.46,2.7216,0.0028,0.034,1.0,0.3647
Wald,Scenario A (Clean),One-Step-Ahead Pre-Sequential,500,0.05,95.0,2.5,Traditional Offline,94.97,2.57,2.46,2.7218,0.0031,0.0338,1.0,0.3647
Wald,Scenario A (Clean),In-Sample Adaptation,500,0.05,95.0,2.5,Cumulative Online,100.0,0.0,0.0,6.5089,0.0075,0.6461,1.0,37.8625
Wald,Scenario A (Clean),One-Step-Ahead Pre-Sequential,500,0.05,95.0,2.5,Cumulative Online,99.69,0.15,0.16,6.2793,0.0342,1.0023,1.0,37.8625
Wald,Scenario A (Clean),In-Sample Adaptation,500,0.05,95.0,2.5,Proposed RBULT,97.68,0.03,2.29,2.9343,0.0,0.0,0.9999,12.3796
Wald,Scenario A (Clean),One-Step-Ahead Pre-Sequential,500,0.05,95.0,2.5,Proposed RBULT,97.53,0.16,2.31,2.9228,0.0327,0.0172,0.9999,12.3796
Wald,Scenario A (Clean),In-Sample Adaptation,500,0.01,99.0,0.5,Traditional Offline,98.87,0.52,0.61,4.0057,0.0083,0.1652,1.0,0.3601
Wald,Scenario A (Clean),One-Step-Ahead Pre-Sequential,500,0.01,99.0,0.5,Traditional Offline,98.81,0.54,0.65,3.9702,0.0097,0.1954,1.0,0.3601
Wald,Scenario A (Clean),In-Sample Adaptation,500,0.01,99.0,0.5,Cumulative Online,100.0,0.0,0.0,6.509,0.0077,0.6461,1.0,37.7702
Wald,Scenario A (Clean),One-Step-Ahead Pre-Sequential,500,0.01,99.0,0.5,Cumulative Online,99.89,0.05,0.06,6.3174,0.0226,0.8872,1.0,37.7702
Wald,Scenario A (Clean),In-Sample Adaptation,500,0.01,99.0,0.5,Proposed RBULT,97.68,0.03,2.29,2.9356,0.0,0.0,1.0001,10.3322
Wald,Scenario A (Clean),One-Step-Ahead Pre-Sequential,500,0.01,99.0,0.5,Proposed RBULT,97.73,0.06,2.21,2.962,0.0206,0.1356,1.0001,10.3322
Wald,Scenario B1 (GAWN Noise 0.1sigma),In-Sample Adaptation,50,0.05,95.0,2.5,Traditional Offline,94.81,2.65,2.54,2.7353,0.0114,0.1398,1.0154,0.3407
Wald,Scenario B1 (GAWN Noise 0.1sigma),One-Step-Ahead Pre-Sequential,50,0.05,95.0,2.5,Traditional Offline,94.72,2.69,2.59,2.7303,0.0134,0.153,1.0153,0.3407
Wald,Scenario B1 (GAWN Noise 0.1sigma),In-Sample Adaptation,50,0.05,95.0,2.5,Cumulative Online,100.0,0.0,0.0,6.4961,0.0522,0.8073,1.0212,8.8907
Wald,Scenario B1 (GAWN Noise 0.1sigma),One-Step-Ahead Pre-Sequential,50,0.05,95.0,2.5,Cumulative Online,99.79,0.12,0.09,6.468,0.0574,0.8629,1.0212,8.8907
Wald,Scenario B1 (GAWN Noise 0.1sigma),In-Sample Adaptation,50,0.05,95.0,2.5,Proposed RBULT,86.54,5.87,7.59,1.8061,0.0,0.0,1.0051,1.0057
Wald,Scenario B1 (GAWN Noise 0.1sigma),One-Step-Ahead Pre-Sequential,50,0.05,95.0,2.5,Proposed RBULT,86.51,5.89,7.6,1.8059,0.0019,0.002,1.0051,1.0057
Wald,Scenario B1 (GAWN Noise 0.1sigma),In-Sample Adaptation,50,0.01,99.0,0.5,Traditional Offline,98.83,0.54,0.63,3.9985,0.0155,0.2809,1.0076,0.3669
Wald,Scenario B1 (GAWN Noise 0.1sigma),One-Step-Ahead Pre-Sequential,50,0.01,99.0,0.5,Traditional Offline,98.72,0.59,0.69,3.9879,0.0197,0.306,1.0076,0.3669
Wald,Scenario B1 (GAWN Noise 0.1sigma),In-Sample Adaptation,50,0.01,99.0,0.5,Cumulative Online,100.0,0.0,0.0,6.4962,0.0522,0.8073,1.0212,9.1293
Wald,Scenario B1 (GAWN Noise 0.1sigma),One-Step-Ahead Pre-Sequential,50,0.01,99.0,0.5,Cumulative Online,99.81,0.11,0.08,6.4698,0.0568,0.8552,1.0212,9.1293
Wald,Scenario B1 (GAWN Noise 0.1sigma),In-Sample Adaptation,50,0.01,99.0,0.5,Proposed RBULT,86.54,5.87,7.59,1.8061,0.0,0.0,1.0051,0.9718
Wald,Scenario B1 (GAWN Noise 0.1sigma),One-Step-Ahead Pre-Sequential,50,0.01,99.0,0.5,Proposed RBULT,86.53,5.88,7.59,1.8075,0.0004,0.0203,1.0051,0.9718
Wald,Scenario B1 (GAWN Noise 0.1sigma),In-Sample Adaptation,100,0.05,95.0,2.5,Traditional Offline,94.89,2.62,2.49,2.7382,0.01,0.137,1.0156,0.3434
Wald,Scenario B1 (GAWN Noise 0.1sigma),One-Step-Ahead Pre-Sequential,100,0.05,95.0,2.5,Traditional Offline,94.69,2.67,2.64,2.7279,0.0118,0.1669,1.0155,0.3434
Wald,Scenario B1 (GAWN Noise 0.1sigma),In-Sample Adaptation,100,0.05,95.0,2.5,Cumulative Online,100.0,0.0,0.0,6.5047,0.0488,0.7909,1.021,14.1605
Wald,Scenario B1 (GAWN Noise 0.1sigma),One-Step-Ahead Pre-Sequential,100,0.05,95.0,2.5,Cumulative Online,99.79,0.1,0.11,6.4482,0.0573,0.9038,1.0211,14.1605
Wald,Scenario B1 (GAWN Noise 0.1sigma),In-Sample Adaptation,100,0.05,95.0,2.5,Proposed RBULT,91.48,0.97,7.55,1.9456,0.0,0.0,1.0394,2.0106
Wald,Scenario B1 (GAWN Noise 0.1sigma),One-Step-Ahead Pre-Sequential,100,0.05,95.0,2.5,Proposed RBULT,91.43,1.0,7.57,1.9433,0.0124,0.0103,1.039,2.0106
Wald,Scenario B1 (GAWN Noise 0.1sigma),In-Sample Adaptation,100,0.01,99.0,0.5,Traditional Offline,98.85,0.52,0.63,3.9968,0.0112,0.29,1.0079,0.3412
Wald,Scenario B1 (GAWN Noise 0.1sigma),One-Step-Ahead Pre-Sequential,100,0.01,99.0,0.5,Traditional Offline,98.71,0.55,0.74,3.9758,0.0122,0.3417,1.008,0.3412
Wald,Scenario B1 (GAWN Noise 0.1sigma),In-Sample Adaptation,100,0.01,99.0,0.5,Cumulative Online,100.0,0.0,0.0,6.5047,0.0488,0.7909,1.0209,14.2313
Wald,Scenario B1 (GAWN Noise 0.1sigma),One-Step-Ahead Pre-Sequential,100,0.01,99.0,0.5,Cumulative Online,99.83,0.08,0.09,6.4522,0.0524,0.8899,1.0211,14.2313
Wald,Scenario B1 (GAWN Noise 0.1sigma),In-Sample Adaptation,100,0.01,99.0,0.5,Proposed RBULT,91.44,0.97,7.59,1.9421,0.0,0.0,1.0373,1.9834
Wald,Scenario B1 (GAWN Noise 0.1sigma),One-Step-Ahead Pre-Sequential,100,0.01,99.0,0.5,Proposed RBULT,91.43,0.98,7.59,1.9439,0.0017,0.0191,1.0373,1.9834
Wald,Scenario B1 (GAWN Noise 0.1sigma),In-Sample Adaptation,500,0.05,95.0,2.5,Traditional Offline,94.95,2.64,2.41,2.7611,0.0087,0.0324,1.0145,0.3694
Wald,Scenario B1 (GAWN Noise 0.1sigma),One-Step-Ahead Pre-Sequential,500,0.05,95.0,2.5,Traditional Offline,94.89,2.7,2.41,2.7615,0.0096,0.0323,1.0146,0.3694
Wald,Scenario B1 (GAWN Noise 0.1sigma),In-Sample Adaptation,500,0.05,95.0,2.5,Cumulative Online,100.0,0.0,0.0,6.6392,0.046,0.5693,1.02,44.9271
Wald,Scenario B1 (GAWN Noise 0.1sigma),One-Step-Ahead Pre-Sequential,500,0.05,95.0,2.5,Cumulative Online,99.67,0.16,0.17,6.4086,0.0732,0.953,1.0206,44.9271
Wald,Scenario B1 (GAWN Noise 0.1sigma),In-Sample Adaptation,500,0.05,95.0,2.5,Proposed RBULT,97.75,0.06,2.19,3.044,0.0,0.0,1.0373,10.2523
Wald,Scenario B1 (GAWN Noise 0.1sigma),One-Step-Ahead Pre-Sequential,500,0.05,95.0,2.5,Proposed RBULT,97.6,0.19,2.21,3.0296,0.0442,0.0186,1.0365,10.2523
Wald,Scenario B1 (GAWN Noise 0.1sigma),In-Sample Adaptation,500,0.01,99.0,0.5,Traditional Offline,98.86,0.52,0.62,4.0418,0.0072,0.1607,1.009,0.3651
Wald,Scenario B1 (GAWN Noise 0.1sigma),One-Step-Ahead Pre-Sequential,500,0.01,99.0,0.5,Traditional Offline,98.82,0.53,0.65,4.0044,0.0085,0.2004,1.0086,0.3651
Wald,Scenario B1 (GAWN Noise 0.1sigma),In-Sample Adaptation,500,0.01,99.0,0.5,Cumulative Online,100.0,0.0,0.0,6.6392,0.046,0.5693,1.02,44.8836
Wald,Scenario B1 (GAWN Noise 0.1sigma),One-Step-Ahead Pre-Sequential,500,0.01,99.0,0.5,Cumulative Online,99.87,0.06,0.07,6.4446,0.053,0.8523,1.0201,44.8836
Wald,Scenario B1 (GAWN Noise 0.1sigma),In-Sample Adaptation,500,0.01,99.0,0.5,Proposed RBULT,97.76,0.06,2.18,3.0444,0.0,0.0,1.0371,10.2652
Wald,Scenario B1 (GAWN Noise 0.1sigma),One-Step-Ahead Pre-Sequential,500,0.01,99.0,0.5,Proposed RBULT,97.8,0.09,2.11,3.0659,0.0146,0.1081,1.0351,10.2652
Wald,Scenario B2 (GAWN Noise 0.2sigma),In-Sample Adaptation,50,0.05,95.0,2.5,Traditional Offline,94.83,2.66,2.51,2.8095,0.0182,0.1392,1.0429,0.3415
Wald,Scenario B2 (GAWN Noise 0.2sigma),One-Step-Ahead Pre-Sequential,50,0.05,95.0,2.5,Traditional Offline,94.72,2.72,2.56,2.8043,0.0213,0.1523,1.0429,0.3415
Wald,Scenario B2 (GAWN Noise 0.2sigma),In-Sample Adaptation,50,0.05,95.0,2.5,Cumulative Online,100.0,0.0,0.0,6.7309,0.065,0.7947,1.0581,8.5484
Wald,Scenario B2 (GAWN Noise 0.2sigma),One-Step-Ahead Pre-Sequential,50,0.05,95.0,2.5,Cumulative Online,99.83,0.08,0.09,6.7019,0.0747,0.8518,1.0581,8.5484
Wald,Scenario B2 (GAWN Noise 0.2sigma),In-Sample Adaptation,50,0.05,95.0,2.5,Proposed RBULT,87.45,5.37,7.18,1.9184,0.0,0.0,1.0675,0.9627
Wald,Scenario B2 (GAWN Noise 0.2sigma),One-Step-Ahead Pre-Sequential,50,0.05,95.0,2.5,Proposed RBULT,87.42,5.39,7.19,1.9177,0.0053,0.0046,1.0674,0.9627
Wald,Scenario B2 (GAWN Noise 0.2sigma),In-Sample Adaptation,50,0.01,99.0,0.5,Traditional Offline,98.92,0.49,0.59,4.1201,0.0183,0.2887,1.0382,0.3397
Wald,Scenario B2 (GAWN Noise 0.2sigma),One-Step-Ahead Pre-Sequential,50,0.01,99.0,0.5,Traditional Offline,98.8,0.54,0.66,4.1094,0.0248,0.3133,1.0383,0.3397
Wald,Scenario B2 (GAWN Noise 0.2sigma),In-Sample Adaptation,50,0.01,99.0,0.5,Cumulative Online,100.0,0.0,0.0,6.733,0.067,0.7947,1.0584,8.5306
Wald,Scenario B2 (GAWN Noise 0.2sigma),One-Step-Ahead Pre-Sequential,50,0.01,99.0,0.5,Cumulative Online,99.85,0.07,0.08,6.7057,0.0746,0.844,1.0585,8.5306
Wald,Scenario B2 (GAWN Noise 0.2sigma),In-Sample Adaptation,50,0.01,99.0,0.5,Proposed RBULT,87.54,5.28,7.18,1.9206,0.0,0.0,1.0688,0.9618
Wald,Scenario B2 (GAWN Noise 0.2sigma),One-Step-Ahead Pre-Sequential,50,0.01,99.0,0.5,Proposed RBULT,87.53,5.29,7.18,1.9217,0.0013,0.0174,1.0686,0.9618
Wald,Scenario B2 (GAWN Noise 0.2sigma),In-Sample Adaptation,100,0.05,95.0,2.5,Traditional Offline,94.89,2.65,2.46,2.8129,0.0159,0.1329,1.0433,0.3436
Wald,Scenario B2 (GAWN Noise 0.2sigma),One-Step-Ahead Pre-Sequential,100,0.05,95.0,2.5,Traditional Offline,94.7,2.7,2.6,2.8024,0.0184,0.1632,1.0432,0.3436
Wald,Scenario B2 (GAWN Noise 0.2sigma),In-Sample Adaptation,100,0.05,95.0,2.5,Cumulative Online,100.0,0.0,0.0,6.741,0.0574,0.7791,1.0581,13.4881
Wald,Scenario B2 (GAWN Noise 0.2sigma),One-Step-Ahead Pre-Sequential,100,0.05,95.0,2.5,Cumulative Online,99.82,0.07,0.11,6.6828,0.0736,0.895,1.0583,13.4881
Wald,Scenario B2 (GAWN Noise 0.2sigma),In-Sample Adaptation,100,0.05,95.0,2.5,Proposed RBULT,92.44,0.39,7.17,2.1584,0.0,0.0,1.153,2.0275
Wald,Scenario B2 (GAWN Noise 0.2sigma),One-Step-Ahead Pre-Sequential,100,0.05,95.0,2.5,Proposed RBULT,92.39,0.42,7.19,2.1545,0.0251,0.0139,1.1519,2.0275
Wald,Scenario B2 (GAWN Noise 0.2sigma),In-Sample Adaptation,100,0.01,99.0,0.5,Traditional Offline,98.93,0.48,0.59,4.1178,0.0076,0.2989,1.0384,0.3458
Wald,Scenario B2 (GAWN Noise 0.2sigma),One-Step-Ahead Pre-Sequential,100,0.01,99.0,0.5,Traditional Offline,98.76,0.53,0.71,4.0976,0.0085,0.3486,1.0389,0.3458
Wald,Scenario B2 (GAWN Noise 0.2sigma),In-Sample Adaptation,100,0.01,99.0,0.5,Cumulative Online,100.0,0.0,0.0,6.7374,0.0564,0.7791,1.0574,13.4259
Wald,Scenario B2 (GAWN Noise 0.2sigma),One-Step-Ahead Pre-Sequential,100,0.01,99.0,0.5,Cumulative Online,99.86,0.05,0.09,6.6842,0.062,0.8803,1.0578,13.4259
Wald,Scenario B2 (GAWN Noise 0.2sigma),In-Sample Adaptation,100,0.01,99.0,0.5,Proposed RBULT,92.45,0.38,7.17,2.1604,0.0,0.0,1.1539,1.9647
Wald,Scenario B2 (GAWN Noise 0.2sigma),One-Step-Ahead Pre-Sequential,100,0.01,99.0,0.5,Proposed RBULT,92.44,0.39,7.17,2.1615,0.0055,0.0162,1.1534,1.9647
Wald,Scenario B2 (GAWN Noise 0.2sigma),In-Sample Adaptation,500,0.05,95.0,2.5,Traditional Offline,94.96,2.62,2.42,2.8363,0.013,0.0349,1.0422,0.3658
Wald,Scenario B2 (GAWN Noise 0.2sigma),One-Step-Ahead Pre-Sequential,500,0.05,95.0,2.5,Traditional Offline,94.9,2.68,2.42,2.8367,0.0129,0.0343,1.0422,0.3658
Wald,Scenario B2 (GAWN Noise 0.2sigma),In-Sample Adaptation,500,0.05,95.0,2.5,Cumulative Online,100.0,0.0,0.0,6.8649,0.0488,0.5405,1.0547,40.607
Wald,Scenario B2 (GAWN Noise 0.2sigma),One-Step-Ahead Pre-Sequential,500,0.05,95.0,2.5,Cumulative Online,99.68,0.15,0.17,6.6269,0.0943,0.9454,1.0553,40.607
Wald,Scenario B2 (GAWN Noise 0.2sigma),In-Sample Adaptation,500,0.05,95.0,2.5,Proposed RBULT,97.83,0.09,2.08,3.2275,0.0,0.0,1.0998,9.9967
Wald,Scenario B2 (GAWN Noise 0.2sigma),One-Step-Ahead Pre-Sequential,500,0.05,95.0,2.5,Proposed RBULT,97.67,0.22,2.11,3.2073,0.0607,0.0273,1.0972,9.9967
Wald,Scenario B2 (GAWN Noise 0.2sigma),In-Sample Adaptation,500,0.01,99.0,0.5,Traditional Offline,98.93,0.49,0.58,4.1622,0.006,0.1663,1.0391,0.3605
Wald,Scenario B2 (GAWN Noise 0.2sigma),One-Step-Ahead Pre-Sequential,500,0.01,99.0,0.5,Traditional Offline,98.86,0.53,0.61,4.1226,0.006,0.2195,1.0384,0.3605
Wald,Scenario B2 (GAWN Noise 0.2sigma),In-Sample Adaptation,500,0.01,99.0,0.5,Cumulative Online,100.0,0.0,0.0,6.865,0.0492,0.5405,1.0546,40.6166
Wald,Scenario B2 (GAWN Noise 0.2sigma),One-Step-Ahead Pre-Sequential,500,0.01,99.0,0.5,Cumulative Online,99.88,0.05,0.07,6.6602,0.069,0.8531,1.0542,40.6166
Wald,Scenario B2 (GAWN Noise 0.2sigma),In-Sample Adaptation,500,0.01,99.0,0.5,Proposed RBULT,97.83,0.09,2.08,3.231,0.0,0.0,1.1007,10.1154
Wald,Scenario B2 (GAWN Noise 0.2sigma),One-Step-Ahead Pre-Sequential,500,0.01,99.0,0.5,Proposed RBULT,97.87,0.12,2.01,3.244,0.0286,0.085,1.0953,10.1154
Wald,Scenario B3 (GAWN Noise 0.3sigma),In-Sample Adaptation,50,0.05,95.0,2.5,Traditional Offline,94.72,2.71,2.57,2.9199,0.0237,0.1304,1.0839,0.3431
Wald,Scenario B3 (GAWN Noise 0.3sigma),One-Step-Ahead Pre-Sequential,50,0.05,95.0,2.5,Traditional Offline,94.6,2.78,2.62,2.9146,0.0275,0.1431,1.0839,0.3431
Wald,Scenario B3 (GAWN Noise 0.3sigma),In-Sample Adaptation,50,0.05,95.0,2.5,Cumulative Online,100.0,0.0,0.0,6.9708,0.0787,0.7858,1.0958,7.1011
Wald,Scenario B3 (GAWN Noise 0.3sigma),One-Step-Ahead Pre-Sequential,50,0.05,95.0,2.5,Cumulative Online,99.84,0.06,0.1,6.9412,0.0915,0.8433,1.0959,7.1011
Wald,Scenario B3 (GAWN Noise 0.3sigma),In-Sample Adaptation,50,0.05,95.0,2.5,Proposed RBULT,89.85,5.48,4.67,2.3045,0.0,0.0,1.2824,0.9639
Wald,Scenario B3 (GAWN Noise 0.3sigma),One-Step-Ahead Pre-Sequential,50,0.05,95.0,2.5,Proposed RBULT,89.81,5.5,4.69,2.3024,0.0054,0.0239,1.2815,0.9639
Wald,Scenario B3 (GAWN Noise 0.3sigma),In-Sample Adaptation,50,0.01,99.0,0.5,Traditional Offline,98.85,0.54,0.61,4.3157,0.0291,0.3002,1.0875,0.3402
Wald,Scenario B3 (GAWN Noise 0.3sigma),One-Step-Ahead Pre-Sequential,50,0.01,99.0,0.5,Traditional Offline,98.78,0.56,0.66,4.3044,0.0366,0.3253,1.0875,0.3402
Wald,Scenario B3 (GAWN Noise 0.3sigma),In-Sample Adaptation,50,0.01,99.0,0.5,Cumulative Online,100.0,0.0,0.0,6.9687,0.0819,0.7858,1.0955,7.127
Wald,Scenario B3 (GAWN Noise 0.3sigma),One-Step-Ahead Pre-Sequential,50,0.01,99.0,0.5,Cumulative Online,99.86,0.05,0.09,6.9407,0.0922,0.8364,1.0956,7.127
Wald,Scenario B3 (GAWN Noise 0.3sigma),In-Sample Adaptation,50,0.01,99.0,0.5,Proposed RBULT,89.86,5.47,4.67,2.3051,0.0,0.0,1.2828,0.972
Wald,Scenario B3 (GAWN Noise 0.3sigma),One-Step-Ahead Pre-Sequential,50,0.01,99.0,0.5,Proposed RBULT,89.84,5.48,4.68,2.3047,0.0013,0.0047,1.2815,0.972
Wald,Scenario B3 (GAWN Noise 0.3sigma),In-Sample Adaptation,100,0.05,95.0,2.5,Traditional Offline,94.78,2.69,2.53,2.924,0.0219,0.1246,1.0845,0.3503
Wald,Scenario B3 (GAWN Noise 0.3sigma),One-Step-Ahead Pre-Sequential,100,0.05,95.0,2.5,Traditional Offline,94.6,2.76,2.64,2.9134,0.0267,0.1524,1.0846,0.3503
Wald,Scenario B3 (GAWN Noise 0.3sigma),In-Sample Adaptation,100,0.05,95.0,2.5,Cumulative Online,100.0,0.0,0.0,6.9779,0.0713,0.7708,1.0953,12.3702
Wald,Scenario B3 (GAWN Noise 0.3sigma),One-Step-Ahead Pre-Sequential,100,0.05,95.0,2.5,Cumulative Online,99.84,0.05,0.11,6.9186,0.0942,0.8859,1.0956,12.3702
Wald,Scenario B3 (GAWN Noise 0.3sigma),In-Sample Adaptation,100,0.05,95.0,2.5,Proposed RBULT,95.07,0.29,4.64,2.6841,0.0,0.0,1.4338,1.9181
Wald,Scenario B3 (GAWN Noise 0.3sigma),One-Step-Ahead Pre-Sequential,100,0.05,95.0,2.5,Proposed RBULT,95.01,0.32,4.67,2.6761,0.0407,0.0387,1.4308,1.9181
Wald,Scenario B3 (GAWN Noise 0.3sigma),In-Sample Adaptation,100,0.01,99.0,0.5,Traditional Offline,98.86,0.53,0.61,4.3141,0.0183,0.3105,1.0879,0.342
Wald,Scenario B3 (GAWN Noise 0.3sigma),One-Step-Ahead Pre-Sequential,100,0.01,99.0,0.5,Traditional Offline,98.75,0.54,0.71,4.2935,0.0188,0.3604,1.0886,0.342
Wald,Scenario B3 (GAWN Noise 0.3sigma),In-Sample Adaptation,100,0.01,99.0,0.5,Cumulative Online,100.0,0.0,0.0,6.9786,0.0702,0.7707,1.0952,12.2916
Wald,Scenario B3 (GAWN Noise 0.3sigma),One-Step-Ahead Pre-Sequential,100,0.01,99.0,0.5,Cumulative Online,99.88,0.03,0.09,6.9246,0.0777,0.8737,1.0958,12.2916
Wald,Scenario B3 (GAWN Noise 0.3sigma),In-Sample Adaptation,100,0.01,99.0,0.5,Proposed RBULT,95.07,0.29,4.64,2.6838,0.0,0.0,1.4334,1.9773
Wald,Scenario B3 (GAWN Noise 0.3sigma),One-Step-Ahead Pre-Sequential,100,0.01,99.0,0.5,Proposed RBULT,95.05,0.3,4.65,2.6812,0.0125,0.0138,1.4308,1.9773
Wald,Scenario B3 (GAWN Noise 0.3sigma),In-Sample Adaptation,500,0.05,95.0,2.5,Traditional Offline,94.89,2.66,2.45,2.9457,0.0157,0.0344,1.0823,0.3955
Wald,Scenario B3 (GAWN Noise 0.3sigma),One-Step-Ahead Pre-Sequential,500,0.05,95.0,2.5,Traditional Offline,94.84,2.7,2.46,2.9433,0.0155,0.0361,1.0814,0.3955
Wald,Scenario B3 (GAWN Noise 0.3sigma),In-Sample Adaptation,500,0.05,95.0,2.5,Cumulative Online,100.0,0.0,0.0,7.0982,0.0656,0.5173,1.0905,39.5156
Wald,Scenario B3 (GAWN Noise 0.3sigma),One-Step-Ahead Pre-Sequential,500,0.05,95.0,2.5,Cumulative Online,99.68,0.15,0.17,6.852,0.1203,0.9457,1.0912,39.5156
Wald,Scenario B3 (GAWN Noise 0.3sigma),In-Sample Adaptation,500,0.05,95.0,2.5,Proposed RBULT,97.88,0.1,2.02,3.4345,0.0,0.0,1.1704,9.9983
Wald,Scenario B3 (GAWN Noise 0.3sigma),One-Step-Ahead Pre-Sequential,500,0.05,95.0,2.5,Proposed RBULT,97.71,0.23,2.06,3.4074,0.073,0.045,1.1657,9.9983
Wald,Scenario B3 (GAWN Noise 0.3sigma),In-Sample Adaptation,500,0.01,99.0,0.5,Traditional Offline,98.9,0.54,0.56,4.3633,0.0177,0.1717,1.0893,0.3652
Wald,Scenario B3 (GAWN Noise 0.3sigma),One-Step-Ahead Pre-Sequential,500,0.01,99.0,0.5,Traditional Offline,98.84,0.56,0.6,4.3204,0.0176,0.2313,1.0882,0.3652
Wald,Scenario B3 (GAWN Noise 0.3sigma),In-Sample Adaptation,500,0.01,99.0,0.5,Cumulative Online,100.0,0.0,0.0,7.0983,0.0654,0.5173,1.0905,39.7571
Wald,Scenario B3 (GAWN Noise 0.3sigma),One-Step-Ahead Pre-Sequential,500,0.01,99.0,0.5,Cumulative Online,99.88,0.05,0.07,6.8888,0.092,0.8424,1.0904,39.7571
Wald,Scenario B3 (GAWN Noise 0.3sigma),In-Sample Adaptation,500,0.01,99.0,0.5,Proposed RBULT,97.88,0.1,2.02,3.4322,0.0,0.0,1.1693,10.0423
Wald,Scenario B3 (GAWN Noise 0.3sigma),One-Step-Ahead Pre-Sequential,500,0.01,99.0,0.5,Proposed RBULT,97.91,0.13,1.96,3.442,0.0369,0.0793,1.1621,10.0423
Wald,Scenario C1 (Impulse Spikes 1%),In-Sample Adaptation,50,0.05,95.0,2.5,Traditional Offline,94.84,2.69,2.47,2.908,0.0094,0.1168,1.0795,0.3414
Wald,Scenario C1 (Impulse Spikes 1%),One-Step-Ahead Pre-Sequential,50,0.05,95.0,2.5,Traditional Offline,94.75,2.73,2.52,2.9119,0.0119,0.1318,1.0829,0.3414
Wald,Scenario C1 (Impulse Spikes 1%),In-Sample Adaptation,50,0.05,95.0,2.5,Cumulative Online,100.0,0.0,0.0,9.6441,0.5486,0.7032,1.516,7.6348
Wald,Scenario C1 (Impulse Spikes 1%),One-Step-Ahead Pre-Sequential,50,0.05,95.0,2.5,Cumulative Online,99.83,0.1,0.07,9.6089,0.6006,0.7223,1.5171,7.6348
Wald,Scenario C1 (Impulse Spikes 1%),In-Sample Adaptation,50,0.05,95.0,2.5,Proposed RBULT,90.23,4.52,5.25,2.1968,0.0,0.0,1.2225,0.9633
Wald,Scenario C1 (Impulse Spikes 1%),One-Step-Ahead Pre-Sequential,50,0.05,95.0,2.5,Proposed RBULT,90.21,4.54,5.25,2.2041,0.0045,0.1084,1.2268,0.9633
Wald,Scenario C1 (Impulse Spikes 1%),In-Sample Adaptation,50,0.01,99.0,0.5,Traditional Offline,98.9,0.54,0.56,5.2486,0.8894,0.109,1.3226,0.3426
Wald,Scenario C1 (Impulse Spikes 1%),One-Step-Ahead Pre-Sequential,50,0.01,99.0,0.5,Traditional Offline,98.82,0.59,0.59,5.2457,0.8901,0.1107,1.3254,0.3426
Wald,Scenario C1 (Impulse Spikes 1%),In-Sample Adaptation,50,0.01,99.0,0.5,Cumulative Online,100.0,0.0,0.0,9.6441,0.5486,0.7032,1.5161,7.641
Wald,Scenario C1 (Impulse Spikes 1%),One-Step-Ahead Pre-Sequential,50,0.01,99.0,0.5,Cumulative Online,99.85,0.09,0.06,9.6115,0.5992,0.7149,1.5172,7.641
Wald,Scenario C1 (Impulse Spikes 1%),In-Sample Adaptation,50,0.01,99.0,0.5,Proposed RBULT,90.23,4.52,5.25,2.1968,0.0,0.0,1.2225,0.9591
Wald,Scenario C1 (Impulse Spikes 1%),One-Step-Ahead Pre-Sequential,50,0.01,99.0,0.5,Proposed RBULT,90.23,4.53,5.24,2.2068,0.0011,0.1421,1.2271,0.9591
Wald,Scenario C1 (Impulse Spikes 1%),In-Sample Adaptation,100,0.05,95.0,2.5,Traditional Offline,94.87,2.65,2.48,2.8977,0.0061,0.1232,1.0748,0.3456
Wald,Scenario C1 (Impulse Spikes 1%),One-Step-Ahead Pre-Sequential,100,0.05,95.0,2.5,Traditional Offline,94.72,2.7,2.58,2.8888,0.0076,0.1495,1.0754,0.3456
Wald,Scenario C1 (Impulse Spikes 1%),In-Sample Adaptation,100,0.05,95.0,2.5,Cumulative Online,100.0,0.0,0.0,9.6634,0.4961,0.6997,1.5169,12.3573
Wald,Scenario C1 (Impulse Spikes 1%),One-Step-Ahead Pre-Sequential,100,0.05,95.0,2.5,Cumulative Online,99.81,0.11,0.08,9.5763,0.6019,0.8114,1.5165,12.3573
Wald,Scenario C1 (Impulse Spikes 1%),In-Sample Adaptation,100,0.05,95.0,2.5,Proposed RBULT,93.2,1.55,5.25,2.2714,0.0,0.0,1.2134,1.9379
Wald,Scenario C1 (Impulse Spikes 1%),One-Step-Ahead Pre-Sequential,100,0.05,95.0,2.5,Proposed RBULT,93.16,1.58,5.26,2.2687,0.0078,0.0189,1.213,1.9379
Wald,Scenario C1 (Impulse Spikes 1%),In-Sample Adaptation,100,0.01,99.0,0.5,Traditional Offline,98.92,0.52,0.56,5.2417,0.905,0.11,1.3218,0.344
Wald,Scenario C1 (Impulse Spikes 1%),One-Step-Ahead Pre-Sequential,100,0.01,99.0,0.5,Traditional Offline,98.83,0.58,0.59,5.2363,0.906,0.1134,1.3276,0.344
Wald,Scenario C1 (Impulse Spikes 1%),In-Sample Adaptation,100,0.01,99.0,0.5,Cumulative Online,100.0,0.0,0.0,9.6635,0.4961,0.6997,1.5166,12.6468
Wald,Scenario C1 (Impulse Spikes 1%),One-Step-Ahead Pre-Sequential,100,0.01,99.0,0.5,Cumulative Online,99.85,0.09,0.06,9.5986,0.5994,0.723,1.519,12.6468
Wald,Scenario C1 (Impulse Spikes 1%),In-Sample Adaptation,100,0.01,99.0,0.5,Proposed RBULT,93.2,1.55,5.25,2.2714,0.0,0.0,1.2132,1.9316
Wald,Scenario C1 (Impulse Spikes 1%),One-Step-Ahead Pre-Sequential,100,0.01,99.0,0.5,Proposed RBULT,93.2,1.56,5.24,2.2911,0.0036,0.1994,1.2226,1.9316
Wald,Scenario C1 (Impulse Spikes 1%),In-Sample Adaptation,500,0.05,95.0,2.5,Traditional Offline,94.9,2.6,2.5,2.9121,0.0043,0.0511,1.07,0.3629
Wald,Scenario C1 (Impulse Spikes 1%),One-Step-Ahead Pre-Sequential,500,0.05,95.0,2.5,Traditional Offline,94.83,2.66,2.51,2.9103,0.0049,0.0518,1.0693,0.3629
Wald,Scenario C1 (Impulse Spikes 1%),In-Sample Adaptation,500,0.05,95.0,2.5,Cumulative Online,100.0,0.0,0.0,9.8437,0.15,0.6373,1.5123,64.5365
Wald,Scenario C1 (Impulse Spikes 1%),One-Step-Ahead Pre-Sequential,500,0.05,95.0,2.5,Cumulative Online,99.65,0.19,0.16,9.4506,0.7702,0.9738,1.505,64.5365
Wald,Scenario C1 (Impulse Spikes 1%),In-Sample Adaptation,500,0.05,95.0,2.5,Proposed RBULT,97.39,0.52,2.09,3.2791,0.0,0.0,1.1174,16.0696
Wald,Scenario C1 (Impulse Spikes 1%),One-Step-Ahead Pre-Sequential,500,0.05,95.0,2.5,Proposed RBULT,97.24,0.63,2.13,3.2581,0.0316,0.0602,1.1146,16.0696
Wald,Scenario C1 (Impulse Spikes 1%),In-Sample Adaptation,500,0.01,99.0,0.5,Traditional Offline,98.93,0.53,0.54,5.4664,0.9932,0.1016,1.3646,0.4386
Wald,Scenario C1 (Impulse Spikes 1%),One-Step-Ahead Pre-Sequential,500,0.01,99.0,0.5,Traditional Offline,98.92,0.53,0.55,5.4463,0.9939,0.1188,1.3718,0.4386
Wald,Scenario C1 (Impulse Spikes 1%),In-Sample Adaptation,500,0.01,99.0,0.5,Cumulative Online,100.0,0.0,0.0,9.8402,0.1488,0.6383,1.5117,50.1892
Wald,Scenario C1 (Impulse Spikes 1%),One-Step-Ahead Pre-Sequential,500,0.01,99.0,0.5,Cumulative Online,99.85,0.09,0.06,9.5229,0.7421,0.7636,1.5073,50.1892
Wald,Scenario C1 (Impulse Spikes 1%),In-Sample Adaptation,500,0.01,99.0,0.5,Proposed RBULT,97.39,0.52,2.09,3.2791,0.0,0.0,1.1171,10.5
Wald,Scenario C1 (Impulse Spikes 1%),One-Step-Ahead Pre-Sequential,500,0.01,99.0,0.5,Proposed RBULT,97.44,0.53,2.03,3.3338,0.0038,0.2424,1.1256,10.5
Wald,Scenario C2 (Impulse Spikes 5%),In-Sample Adaptation,50,0.05,95.0,2.5,Traditional Offline,95.12,2.42,2.46,6.0113,0.6504,0.0985,2.2314,0.3713
Wald,Scenario C2 (Impulse Spikes 5%),One-Step-Ahead Pre-Sequential,50,0.05,95.0,2.5,Traditional Offline,95.08,2.47,2.45,6.0014,0.6669,0.1008,2.2318,0.3713
Wald,Scenario C2 (Impulse Spikes 5%),In-Sample Adaptation,50,0.05,95.0,2.5,Cumulative Online,100.0,0.0,0.0,9.8551,0.0753,0.6697,1.5492,4.2273
Wald,Scenario C2 (Impulse Spikes 5%),One-Step-Ahead Pre-Sequential,50,0.05,95.0,2.5,Cumulative Online,99.87,0.07,0.06,9.8226,0.2662,0.682,1.5508,4.2273
Wald,Scenario C2 (Impulse Spikes 5%),In-Sample Adaptation,50,0.05,95.0,2.5,Proposed RBULT,97.97,1.83,0.2,7.6647,0.0,0.0,4.2652,0.478
Wald,Scenario C2 (Impulse Spikes 5%),One-Step-Ahead Pre-Sequential,50,0.05,95.0,2.5,Proposed RBULT,97.93,1.85,0.22,7.6474,0.1845,0.0587,4.2565,0.478
Wald,Scenario C2 (Impulse Spikes 5%),In-Sample Adaptation,50,0.01,99.0,0.5,Traditional Offline,98.98,0.46,0.56,8.3018,0.1096,0.0313,2.092,0.3398
Wald,Scenario C2 (Impulse Spikes 5%),One-Step-Ahead Pre-Sequential,50,0.01,99.0,0.5,Traditional Offline,98.92,0.51,0.57,8.2944,0.15,0.0313,2.0956,0.3398
Wald,Scenario C2 (Impulse Spikes 5%),In-Sample Adaptation,50,0.01,99.0,0.5,Cumulative Online,100.0,0.0,0.0,9.8553,0.0752,0.6697,1.5493,4.3553
Wald,Scenario C2 (Impulse Spikes 5%),One-Step-Ahead Pre-Sequential,50,0.01,99.0,0.5,Cumulative Online,99.89,0.06,0.05,9.8358,0.1381,0.6741,1.5526,4.3553
Wald,Scenario C2 (Impulse Spikes 5%),In-Sample Adaptation,50,0.01,99.0,0.5,Proposed RBULT,97.97,1.83,0.2,7.6647,0.0,0.0,4.2654,0.5378
Wald,Scenario C2 (Impulse Spikes 5%),One-Step-Ahead Pre-Sequential,50,0.01,99.0,0.5,Proposed RBULT,97.95,1.84,0.21,7.6605,0.0449,0.0143,4.2597,0.5378
Wald,Scenario C2 (Impulse Spikes 5%),In-Sample Adaptation,100,0.05,95.0,2.5,Traditional Offline,95.14,2.4,2.46,6.0043,0.6735,0.0966,2.227,0.3628
Wald,Scenario C2 (Impulse Spikes 5%),One-Step-Ahead Pre-Sequential,100,0.05,95.0,2.5,Traditional Offline,95.17,2.39,2.44,6.0107,0.6753,0.1012,2.2376,0.3628
Wald,Scenario C2 (Impulse Spikes 5%),In-Sample Adaptation,100,0.05,95.0,2.5,Cumulative Online,100.0,0.0,0.0,9.8714,0.0212,0.6631,1.5495,8.5469
Wald,Scenario C2 (Impulse Spikes 5%),One-Step-Ahead Pre-Sequential,100,0.05,95.0,2.5,Cumulative Online,99.88,0.05,0.07,9.8325,0.1022,0.6878,1.557,8.5469
Wald,Scenario C2 (Impulse Spikes 5%),In-Sample Adaptation,100,0.05,95.0,2.5,Proposed RBULT,97.34,1.68,0.98,7.3192,0.0,0.0,3.9099,1.9681
Wald,Scenario C2 (Impulse Spikes 5%),One-Step-Ahead Pre-Sequential,100,0.05,95.0,2.5,Proposed RBULT,97.3,1.7,1.0,7.3143,0.0038,0.0443,3.9106,1.9681
Wald,Scenario C2 (Impulse Spikes 5%),In-Sample Adaptation,100,0.01,99.0,0.5,Traditional Offline,98.99,0.45,0.56,8.3088,0.0457,0.0324,2.0952,0.3435
Wald,Scenario C2 (Impulse Spikes 5%),One-Step-Ahead Pre-Sequential,100,0.01,99.0,0.5,Traditional Offline,98.96,0.47,0.57,8.3051,0.0564,0.0324,2.1057,0.3435
Wald,Scenario C2 (Impulse Spikes 5%),In-Sample Adaptation,100,0.01,99.0,0.5,Cumulative Online,100.0,0.0,0.0,9.8681,0.0214,0.6646,1.5487,8.568
Wald,Scenario C2 (Impulse Spikes 5%),One-Step-Ahead Pre-Sequential,100,0.01,99.0,0.5,Cumulative Online,99.92,0.03,0.05,9.8404,0.0563,0.6734,1.5572,8.568
Wald,Scenario C2 (Impulse Spikes 5%),In-Sample Adaptation,100,0.01,99.0,0.5,Proposed RBULT,97.35,1.67,0.98,7.3214,0.0,0.0,3.9104,2.4542
Wald,Scenario C2 (Impulse Spikes 5%),One-Step-Ahead Pre-Sequential,100,0.01,99.0,0.5,Proposed RBULT,97.35,1.67,0.98,7.3277,0.0438,0.0193,3.9103,2.4542
Wald,Scenario C2 (Impulse Spikes 5%),In-Sample Adaptation,500,0.05,95.0,2.5,Traditional Offline,95.12,2.4,2.48,5.9162,0.7553,0.0878,2.1738,0.3661
Wald,Scenario C2 (Impulse Spikes 5%),One-Step-Ahead Pre-Sequential,500,0.05,95.0,2.5,Traditional Offline,95.17,2.38,2.45,5.9435,0.765,0.0999,2.1837,0.3661
Wald,Scenario C2 (Impulse Spikes 5%),In-Sample Adaptation,500,0.05,95.0,2.5,Cumulative Online,100.0,0.0,0.0,9.9451,0.0293,0.6449,1.5279,29.5137
Wald,Scenario C2 (Impulse Spikes 5%),One-Step-Ahead Pre-Sequential,500,0.05,95.0,2.5,Cumulative Online,99.69,0.15,0.16,9.7462,0.2215,0.7774,1.5521,29.5137
Wald,Scenario C2 (Impulse Spikes 5%),In-Sample Adaptation,500,0.05,95.0,2.5,Proposed RBULT,96.62,1.51,1.87,7.0001,0.0,0.0,2.3854,9.9529
Wald,Scenario C2 (Impulse Spikes 5%),One-Step-Ahead Pre-Sequential,500,0.05,95.0,2.5,Proposed RBULT,96.55,1.54,1.91,6.9874,0.0336,0.0215,2.3904,9.9529
Wald,Scenario C2 (Impulse Spikes 5%),In-Sample Adaptation,500,0.01,99.0,0.5,Traditional Offline,99.0,0.45,0.55,8.3107,0.0374,0.0255,2.0747,0.3646
Wald,Scenario C2 (Impulse Spikes 5%),One-Step-Ahead Pre-Sequential,500,0.01,99.0,0.5,Traditional Offline,98.99,0.45,0.56,8.3159,0.0392,0.0275,2.0946,0.3646
Wald,Scenario C2 (Impulse Spikes 5%),In-Sample Adaptation,500,0.01,99.0,0.5,Cumulative Online,100.0,0.0,0.0,9.9448,0.0297,0.645,1.5278,29.2772
Wald,Scenario C2 (Impulse Spikes 5%),One-Step-Ahead Pre-Sequential,500,0.01,99.0,0.5,Cumulative Online,99.89,0.05,0.06,9.8297,0.042,0.6862,1.5559,29.2772
Wald,Scenario C2 (Impulse Spikes 5%),In-Sample Adaptation,500,0.01,99.0,0.5,Proposed RBULT,96.62,1.51,1.87,6.9969,0.0,0.0,2.3837,9.9281
Wald,Scenario C2 (Impulse Spikes 5%),One-Step-Ahead Pre-Sequential,500,0.01,99.0,0.5,Proposed RBULT,96.75,1.44,1.81,7.0682,0.1562,0.1544,2.3865,9.9281
Wald,Scenario C3 (Impulse Spikes 10%),In-Sample Adaptation,50,0.05,95.0,2.5,Traditional Offline,95.02,2.37,2.61,7.381,0.0794,0.0885,2.7399,0.3421
Wald,Scenario C3 (Impulse Spikes 10%),One-Step-Ahead Pre-Sequential,50,0.05,95.0,2.5,Traditional Offline,94.94,2.43,2.63,7.382,0.0844,0.099,2.7452,0.3421
Wald,Scenario C3 (Impulse Spikes 10%),In-Sample Adaptation,50,0.05,95.0,2.5,Cumulative Online,100.0,0.0,0.0,9.8768,0.0325,0.6726,1.5526,3.3747
Wald,Scenario C3 (Impulse Spikes 10%),One-Step-Ahead Pre-Sequential,50,0.05,95.0,2.5,Cumulative Online,99.91,0.04,0.05,9.8611,0.081,0.6754,1.5569,3.3747
Wald,Scenario C3 (Impulse Spikes 10%),In-Sample Adaptation,50,0.05,95.0,2.5,Proposed RBULT,99.4,0.41,0.19,8.5859,0.0,0.0,4.7779,0.9842
Wald,Scenario C3 (Impulse Spikes 10%),One-Step-Ahead Pre-Sequential,50,0.05,95.0,2.5,Proposed RBULT,99.36,0.43,0.21,8.581,0.0666,0.0023,4.7761,0.9842
Wald,Scenario C3 (Impulse Spikes 10%),In-Sample Adaptation,50,0.01,99.0,0.5,Traditional Offline,99.02,0.44,0.54,8.4836,0.0178,0.0357,2.1378,0.3398
Wald,Scenario C3 (Impulse Spikes 10%),One-Step-Ahead Pre-Sequential,50,0.01,99.0,0.5,Traditional Offline,98.99,0.45,0.56,8.4829,0.0235,0.0362,2.1433,0.3398
Wald,Scenario C3 (Impulse Spikes 10%),In-Sample Adaptation,50,0.01,99.0,0.5,Cumulative Online,100.0,0.0,0.0,9.872,0.0327,0.6737,1.5519,2.8991
Wald,Scenario C3 (Impulse Spikes 10%),One-Step-Ahead Pre-Sequential,50,0.01,99.0,0.5,Cumulative Online,99.93,0.03,0.04,9.8601,0.0404,0.6762,1.5564,2.8991
Wald,Scenario C3 (Impulse Spikes 10%),In-Sample Adaptation,50,0.01,99.0,0.5,Proposed RBULT,99.44,0.37,0.19,8.5913,0.0,0.0,4.7811,0.9851
Wald,Scenario C3 (Impulse Spikes 10%),One-Step-Ahead Pre-Sequential,50,0.01,99.0,0.5,Proposed RBULT,99.42,0.38,0.2,8.5901,0.0168,0.0001,4.7766,0.9851
Wald,Scenario C3 (Impulse Spikes 10%),In-Sample Adaptation,100,0.05,95.0,2.5,Traditional Offline,95.03,2.34,2.63,7.3799,0.072,0.0784,2.7373,0.3443
Wald,Scenario C3 (Impulse Spikes 10%),One-Step-Ahead Pre-Sequential,100,0.05,95.0,2.5,Traditional Offline,95.0,2.38,2.62,7.3838,0.0718,0.0882,2.7487,0.3443
Wald,Scenario C3 (Impulse Spikes 10%),In-Sample Adaptation,100,0.05,95.0,2.5,Cumulative Online,100.0,0.0,0.0,9.8815,0.0322,0.6689,1.5511,6.7589
Wald,Scenario C3 (Impulse Spikes 10%),One-Step-Ahead Pre-Sequential,100,0.05,95.0,2.5,Cumulative Online,99.89,0.05,0.06,9.852,0.0727,0.6789,1.5601,6.7589
Wald,Scenario C3 (Impulse Spikes 10%),In-Sample Adaptation,100,0.05,95.0,2.5,Proposed RBULT,99.47,0.34,0.19,8.6015,0.0,0.0,4.5949,2.1608
Wald,Scenario C3 (Impulse Spikes 10%),One-Step-Ahead Pre-Sequential,100,0.05,95.0,2.5,Proposed RBULT,99.41,0.37,0.22,8.5933,0.0563,0.0257,4.5944,2.1608
Wald,Scenario C3 (Impulse Spikes 10%),In-Sample Adaptation,100,0.01,99.0,0.5,Traditional Offline,99.03,0.43,0.54,8.4842,0.009,0.0361,2.1395,0.3461
Wald,Scenario C3 (Impulse Spikes 10%),One-Step-Ahead Pre-Sequential,100,0.01,99.0,0.5,Traditional Offline,99.01,0.44,0.55,8.4852,0.0088,0.037,2.1513,0.3461
Wald,Scenario C3 (Impulse Spikes 10%),In-Sample Adaptation,100,0.01,99.0,0.5,Cumulative Online,100.0,0.0,0.0,9.8739,0.0312,0.6719,1.5497,7.714
Wald,Scenario C3 (Impulse Spikes 10%),One-Step-Ahead Pre-Sequential,100,0.01,99.0,0.5,Cumulative Online,99.92,0.04,0.04,9.8525,0.0328,0.6768,1.5592,7.714
Wald,Scenario C3 (Impulse Spikes 10%),In-Sample Adaptation,100,0.01,99.0,0.5,Proposed RBULT,99.46,0.35,0.19,8.5973,0.0,0.0,4.5918,2.0263
Wald,Scenario C3 (Impulse Spikes 10%),One-Step-Ahead Pre-Sequential,100,0.01,99.0,0.5,Proposed RBULT,99.44,0.36,0.2,8.5971,0.0012,0.0004,4.5877,2.0263
Wald,Scenario C3 (Impulse Spikes 10%),In-Sample Adaptation,500,0.05,95.0,2.5,Traditional Offline,94.94,2.37,2.69,7.3672,0.0709,0.0559,2.707,0.3643
Wald,Scenario C3 (Impulse Spikes 10%),One-Step-Ahead Pre-Sequential,500,0.05,95.0,2.5,Traditional Offline,94.91,2.36,2.73,7.382,0.0856,0.0573,2.7122,0.3643
Wald,Scenario C3 (Impulse Spikes 10%),In-Sample Adaptation,500,0.05,95.0,2.5,Cumulative Online,100.0,0.0,0.0,9.9426,0.0313,0.6545,1.5275,34.418
Wald,Scenario C3 (Impulse Spikes 10%),One-Step-Ahead Pre-Sequential,500,0.05,95.0,2.5,Cumulative Online,99.68,0.16,0.16,9.7905,0.0957,0.7419,1.5591,34.418
Wald,Scenario C3 (Impulse Spikes 10%),In-Sample Adaptation,500,0.05,95.0,2.5,Proposed RBULT,99.45,0.36,0.19,8.5959,0.0,0.0,2.9292,10.4926
Wald,Scenario C3 (Impulse Spikes 10%),One-Step-Ahead Pre-Sequential,500,0.05,95.0,2.5,Proposed RBULT,99.19,0.49,0.32,8.5505,0.0703,0.1276,2.9252,10.4926
Wald,Scenario C3 (Impulse Spikes 10%),In-Sample Adaptation,500,0.01,99.0,0.5,Traditional Offline,98.99,0.45,0.56,8.4825,0.0097,0.0349,2.1176,0.3621
Wald,Scenario C3 (Impulse Spikes 10%),One-Step-Ahead Pre-Sequential,500,0.01,99.0,0.5,Traditional Offline,98.98,0.44,0.58,8.485,0.0085,0.0365,2.1372,0.3621
Wald,Scenario C3 (Impulse Spikes 10%),In-Sample Adaptation,500,0.01,99.0,0.5,Cumulative Online,100.0,0.0,0.0,9.9426,0.0313,0.6546,1.5274,39.912
Wald,Scenario C3 (Impulse Spikes 10%),One-Step-Ahead Pre-Sequential,500,0.01,99.0,0.5,Cumulative Online,99.87,0.07,0.06,9.8328,0.0404,0.6864,1.5564,39.912
Wald,Scenario C3 (Impulse Spikes 10%),In-Sample Adaptation,500,0.01,99.0,0.5,Proposed RBULT,99.45,0.36,0.19,8.5959,0.0,0.0,2.9284,10.1258
Wald,Scenario C3 (Impulse Spikes 10%),One-Step-Ahead Pre-Sequential,500,0.01,99.0,0.5,Proposed RBULT,99.39,0.39,0.22,8.5928,0.0055,0.0079,2.9012,10.1258
Gamma,Scenario A (Clean),In-Sample Adaptation,50,0.05,95.0,2.5,Traditional Offline,94.83,2.54,2.63,10.5029,0.0586,0.2651,1.0,0.3469
Gamma,Scenario A (Clean),One-Step-Ahead Pre-Sequential,50,0.05,95.0,2.5,Traditional Offline,94.74,2.58,2.68,10.4904,0.0677,0.2964,1.0,0.3469
Gamma,Scenario A (Clean),In-Sample Adaptation,50,0.05,95.0,2.5,Cumulative Online,100.0,0.0,0.0,25.2886,0.0668,4.3249,1.0,10.8726
Gamma,Scenario A (Clean),One-Step-Ahead Pre-Sequential,50,0.05,95.0,2.5,Cumulative Online,99.79,0.13,0.08,25.1933,0.0925,4.4719,1.0,10.8726
Gamma,Scenario A (Clean),In-Sample Adaptation,50,0.05,95.0,2.5,Proposed RBULT,92.33,2.04,5.63,8.8681,0.0,0.0,0.9994,0.9826
Gamma,Scenario A (Clean),One-Step-Ahead Pre-Sequential,50,0.05,95.0,2.5,Proposed RBULT,92.29,2.06,5.65,8.8645,0.0382,0.0131,0.9994,0.9826
Gamma,Scenario A (Clean),In-Sample Adaptation,50,0.01,99.0,0.5,Traditional Offline,98.89,0.58,0.53,14.2967,0.0497,0.4995,1.0,0.3447
Gamma,Scenario A (Clean),One-Step-Ahead Pre-Sequential,50,0.01,99.0,0.5,Traditional Offline,98.85,0.58,0.57,14.2678,0.0546,0.6216,1.0,0.3447
Gamma,Scenario A (Clean),In-Sample Adaptation,50,0.01,99.0,0.5,Cumulative Online,100.0,0.0,0.0,25.2876,0.0675,4.3249,1.0,10.9182
Gamma,Scenario A (Clean),One-Step-Ahead Pre-Sequential,50,0.01,99.0,0.5,Cumulative Online,99.81,0.12,0.07,25.1953,0.0758,4.4689,1.0,10.9182
Gamma,Scenario A (Clean),In-Sample Adaptation,50,0.01,99.0,0.5,Proposed RBULT,92.35,2.04,5.61,8.8852,0.0,0.0,1.0012,0.9969
Gamma,Scenario A (Clean),One-Step-Ahead Pre-Sequential,50,0.01,99.0,0.5,Proposed RBULT,92.33,2.05,5.62,8.8844,0.0089,0.0025,1.0012,0.9969
Gamma,Scenario A (Clean),In-Sample Adaptation,100,0.05,95.0,2.5,Traditional Offline,94.87,2.52,2.61,10.5032,0.0498,0.2439,1.0,0.35
Gamma,Scenario A (Clean),One-Step-Ahead Pre-Sequential,100,0.05,95.0,2.5,Traditional Offline,94.77,2.55,2.68,10.4827,0.0536,0.2983,1.0,0.35
Gamma,Scenario A (Clean),In-Sample Adaptation,100,0.05,95.0,2.5,Cumulative Online,100.0,0.0,0.0,25.3324,0.0657,4.206,1.0,17.1222
Gamma,Scenario A (Clean),One-Step-Ahead Pre-Sequential,100,0.05,95.0,2.5,Cumulative Online,99.79,0.14,0.07,25.1461,0.0905,4.4975,1.0,17.1222
Gamma,Scenario A (Clean),In-Sample Adaptation,100,0.05,95.0,2.5,Proposed RBULT,95.24,1.96,2.8,10.4194,0.0,0.0,0.9996,2.1514
Gamma,Scenario A (Clean),One-Step-Ahead Pre-Sequential,100,0.05,95.0,2.5,Proposed RBULT,95.19,1.99,2.82,10.4009,0.0266,0.1572,0.9996,2.1514
Gamma,Scenario A (Clean),In-Sample Adaptation,100,0.01,99.0,0.5,Traditional Offline,98.92,0.56,0.52,14.309,0.0458,0.3666,1.0,0.3575
Gamma,Scenario A (Clean),One-Step-Ahead Pre-Sequential,100,0.01,99.0,0.5,Traditional Offline,98.87,0.58,0.55,14.2869,0.0497,0.4076,1.0,0.3575
Gamma,Scenario A (Clean),In-Sample Adaptation,100,0.01,99.0,0.5,Cumulative Online,100.0,0.0,0.0,25.3324,0.0654,4.206,1.0,17.1143
Gamma,Scenario A (Clean),One-Step-Ahead Pre-Sequential,100,0.01,99.0,0.5,Cumulative Online,99.83,0.12,0.05,25.1835,0.0748,4.3862,1.0,17.1143
Gamma,Scenario A (Clean),In-Sample Adaptation,100,0.01,99.0,0.5,Proposed RBULT,95.24,1.96,2.8,10.4182,0.0,0.0,1.0002,1.9417
Gamma,Scenario A (Clean),One-Step-Ahead Pre-Sequential,100,0.01,99.0,0.5,Proposed RBULT,95.23,1.97,2.8,10.4371,0.0004,0.1885,1.0002,1.9417
Gamma,Scenario A (Clean),In-Sample Adaptation,500,0.05,95.0,2.5,Traditional Offline,94.93,2.46,2.61,10.5319,0.0395,0.0942,1.0,0.3725
Gamma,Scenario A (Clean),One-Step-Ahead Pre-Sequential,500,0.05,95.0,2.5,Traditional Offline,94.79,2.55,2.66,10.5127,0.0426,0.1034,1.0,0.3725
Gamma,Scenario A (Clean),In-Sample Adaptation,500,0.05,95.0,2.5,Cumulative Online,100.0,0.0,0.0,25.5379,0.0499,3.8987,1.0,35.1101
Gamma,Scenario A (Clean),One-Step-Ahead Pre-Sequential,500,0.05,95.0,2.5,Cumulative Online,99.62,0.21,0.17,24.6902,0.1197,5.0341,1.0,35.1101
Gamma,Scenario A (Clean),In-Sample Adaptation,500,0.05,95.0,2.5,Proposed RBULT,97.65,0.71,1.64,11.7514,0.0,0.0,1.0008,10.3736
Gamma,Scenario A (Clean),One-Step-Ahead Pre-Sequential,500,0.05,95.0,2.5,Proposed RBULT,97.47,0.84,1.69,11.6758,0.0647,0.265,1.0007,10.3736
Gamma,Scenario A (Clean),In-Sample Adaptation,500,0.01,99.0,0.5,Traditional Offline,98.98,0.5,0.52,14.347,0.0356,0.3097,1.0,0.3678
Gamma,Scenario A (Clean),One-Step-Ahead Pre-Sequential,500,0.01,99.0,0.5,Traditional Offline,98.88,0.58,0.54,14.277,0.0417,0.3924,1.0,0.3678
Gamma,Scenario A (Clean),In-Sample Adaptation,500,0.01,99.0,0.5,Cumulative Online,100.0,0.0,0.0,25.5384,0.0497,3.898,1.0,34.8956
Gamma,Scenario A (Clean),One-Step-Ahead Pre-Sequential,500,0.01,99.0,0.5,Cumulative Online,99.82,0.11,0.07,24.8347,0.0771,4.6866,1.0,34.8956
Gamma,Scenario A (Clean),In-Sample Adaptation,500,0.01,99.0,0.5,Proposed RBULT,97.64,0.71,1.65,11.7385,0.0,0.0,0.9995,10.4177
Gamma,Scenario A (Clean),One-Step-Ahead Pre-Sequential,500,0.01,99.0,0.5,Proposed RBULT,97.66,0.74,1.6,11.8075,0.015,0.3158,0.9995,10.4177
Gamma,Scenario B1 (GAWN Noise 0.1sigma),In-Sample Adaptation,50,0.05,95.0,2.5,Traditional Offline,94.79,2.62,2.59,10.5648,0.0558,0.2714,1.0059,0.3482
Gamma,Scenario B1 (GAWN Noise 0.1sigma),One-Step-Ahead Pre-Sequential,50,0.05,95.0,2.5,Traditional Offline,94.65,2.69,2.66,10.5518,0.0636,0.3078,1.0058,0.3482
Gamma,Scenario B1 (GAWN Noise 0.1sigma),In-Sample Adaptation,50,0.05,95.0,2.5,Cumulative Online,100.0,0.0,0.0,25.7274,0.2648,4.2207,1.0174,10.0861
Gamma,Scenario B1 (GAWN Noise 0.1sigma),One-Step-Ahead Pre-Sequential,50,0.05,95.0,2.5,Cumulative Online,99.79,0.12,0.09,25.6289,0.2813,4.3723,1.0173,10.0861
Gamma,Scenario B1 (GAWN Noise 0.1sigma),In-Sample Adaptation,50,0.05,95.0,2.5,Proposed RBULT,90.34,3.82,5.84,8.6653,0.0,0.0,0.9765,0.9858
Gamma,Scenario B1 (GAWN Noise 0.1sigma),One-Step-Ahead Pre-Sequential,50,0.05,95.0,2.5,Proposed RBULT,90.3,3.84,5.86,8.6624,0.0223,0.0196,0.9766,0.9858
Gamma,Scenario B1 (GAWN Noise 0.1sigma),In-Sample Adaptation,50,0.01,99.0,0.5,Traditional Offline,98.77,0.68,0.55,14.3683,0.0796,0.5232,1.005,0.3435
Gamma,Scenario B1 (GAWN Noise 0.1sigma),One-Step-Ahead Pre-Sequential,50,0.01,99.0,0.5,Traditional Offline,98.68,0.71,0.61,14.3373,0.0885,0.6422,1.0049,0.3435
Gamma,Scenario B1 (GAWN Noise 0.1sigma),In-Sample Adaptation,50,0.01,99.0,0.5,Cumulative Online,100.0,0.0,0.0,25.7238,0.2629,4.2207,1.0172,10.0009
Gamma,Scenario B1 (GAWN Noise 0.1sigma),One-Step-Ahead Pre-Sequential,50,0.01,99.0,0.5,Cumulative Online,99.81,0.11,0.08,25.6277,0.2741,4.3684,1.0171,10.0009
Gamma,Scenario B1 (GAWN Noise 0.1sigma),In-Sample Adaptation,50,0.01,99.0,0.5,Proposed RBULT,90.34,3.82,5.84,8.6592,0.0,0.0,0.9757,0.9823
Gamma,Scenario B1 (GAWN Noise 0.1sigma),One-Step-Ahead Pre-Sequential,50,0.01,99.0,0.5,Proposed RBULT,90.32,3.83,5.85,8.6585,0.0051,0.0044,0.9757,0.9823
Gamma,Scenario B1 (GAWN Noise 0.1sigma),In-Sample Adaptation,100,0.05,95.0,2.5,Traditional Offline,94.82,2.6,2.58,10.5663,0.0482,0.2471,1.006,0.3532
Gamma,Scenario B1 (GAWN Noise 0.1sigma),One-Step-Ahead Pre-Sequential,100,0.05,95.0,2.5,Traditional Offline,94.65,2.69,2.66,10.5447,0.0548,0.3044,1.0059,0.3532
Gamma,Scenario B1 (GAWN Noise 0.1sigma),In-Sample Adaptation,100,0.05,95.0,2.5,Cumulative Online,100.0,0.0,0.0,25.7652,0.2457,4.1012,1.0171,16.2755
Gamma,Scenario B1 (GAWN Noise 0.1sigma),One-Step-Ahead Pre-Sequential,100,0.05,95.0,2.5,Cumulative Online,99.81,0.12,0.07,25.573,0.2719,4.3973,1.017,16.2755
Gamma,Scenario B1 (GAWN Noise 0.1sigma),In-Sample Adaptation,100,0.05,95.0,2.5,Proposed RBULT,95.15,2.11,2.74,10.5242,0.0,0.0,1.0097,1.9464
Gamma,Scenario B1 (GAWN Noise 0.1sigma),One-Step-Ahead Pre-Sequential,100,0.05,95.0,2.5,Proposed RBULT,95.1,2.14,2.76,10.5041,0.0325,0.1676,1.0095,1.9464
Gamma,Scenario B1 (GAWN Noise 0.1sigma),In-Sample Adaptation,100,0.01,99.0,0.5,Traditional Offline,98.79,0.67,0.54,14.3837,0.0726,0.392,1.0052,0.3458
Gamma,Scenario B1 (GAWN Noise 0.1sigma),One-Step-Ahead Pre-Sequential,100,0.01,99.0,0.5,Traditional Offline,98.73,0.7,0.57,14.3585,0.0822,0.4299,1.005,0.3458
Gamma,Scenario B1 (GAWN Noise 0.1sigma),In-Sample Adaptation,100,0.01,99.0,0.5,Cumulative Online,100.0,0.0,0.0,25.7577,0.2495,4.1012,1.0168,16.5022
Gamma,Scenario B1 (GAWN Noise 0.1sigma),One-Step-Ahead Pre-Sequential,100,0.01,99.0,0.5,Cumulative Online,99.85,0.1,0.05,25.6023,0.2659,4.2848,1.0166,16.5022
Gamma,Scenario B1 (GAWN Noise 0.1sigma),In-Sample Adaptation,100,0.01,99.0,0.5,Proposed RBULT,95.16,2.1,2.74,10.5265,0.0,0.0,1.0106,1.9351
Gamma,Scenario B1 (GAWN Noise 0.1sigma),One-Step-Ahead Pre-Sequential,100,0.01,99.0,0.5,Proposed RBULT,95.15,2.11,2.74,10.5432,0.0094,0.1752,1.0103,1.9351
Gamma,Scenario B1 (GAWN Noise 0.1sigma),In-Sample Adaptation,500,0.05,95.0,2.5,Traditional Offline,94.82,2.57,2.61,10.6054,0.0319,0.0764,1.007,0.3702
Gamma,Scenario B1 (GAWN Noise 0.1sigma),One-Step-Ahead Pre-Sequential,500,0.05,95.0,2.5,Traditional Offline,94.7,2.66,2.64,10.5888,0.0367,0.0841,1.0072,0.3702
Gamma,Scenario B1 (GAWN Noise 0.1sigma),In-Sample Adaptation,500,0.05,95.0,2.5,Cumulative Online,100.0,0.0,0.0,25.981,0.2185,3.7771,1.0173,42.0485
Gamma,Scenario B1 (GAWN Noise 0.1sigma),One-Step-Ahead Pre-Sequential,500,0.05,95.0,2.5,Cumulative Online,99.66,0.18,0.16,25.1112,0.3073,4.9165,1.017,42.0485
Gamma,Scenario B1 (GAWN Noise 0.1sigma),In-Sample Adaptation,500,0.05,95.0,2.5,Proposed RBULT,97.74,0.5,1.76,11.8753,0.0,0.0,1.0113,10.3467
Gamma,Scenario B1 (GAWN Noise 0.1sigma),One-Step-Ahead Pre-Sequential,500,0.05,95.0,2.5,Proposed RBULT,97.55,0.63,1.82,11.7986,0.1127,0.2212,1.0113,10.3467
Gamma,Scenario B1 (GAWN Noise 0.1sigma),In-Sample Adaptation,500,0.01,99.0,0.5,Traditional Offline,98.84,0.62,0.54,14.4255,0.0492,0.3332,1.0055,0.3887
Gamma,Scenario B1 (GAWN Noise 0.1sigma),One-Step-Ahead Pre-Sequential,500,0.01,99.0,0.5,Traditional Offline,98.8,0.64,0.56,14.361,0.0496,0.3853,1.0059,0.3887
Gamma,Scenario B1 (GAWN Noise 0.1sigma),In-Sample Adaptation,500,0.01,99.0,0.5,Cumulative Online,100.0,0.0,0.0,25.9801,0.2183,3.7784,1.0173,42.0852
Gamma,Scenario B1 (GAWN Noise 0.1sigma),One-Step-Ahead Pre-Sequential,500,0.01,99.0,0.5,Cumulative Online,99.86,0.08,0.06,25.2643,0.254,4.5612,1.0173,42.0852
Gamma,Scenario B1 (GAWN Noise 0.1sigma),In-Sample Adaptation,500,0.01,99.0,0.5,Proposed RBULT,97.73,0.5,1.77,11.8736,0.0,0.0,1.011,10.2586
Gamma,Scenario B1 (GAWN Noise 0.1sigma),One-Step-Ahead Pre-Sequential,500,0.01,99.0,0.5,Proposed RBULT,97.74,0.53,1.73,11.951,0.0291,0.3664,1.0117,10.2586
Gamma,Scenario B2 (GAWN Noise 0.2sigma),In-Sample Adaptation,50,0.05,95.0,2.5,Traditional Offline,94.62,2.8,2.58,10.7668,0.0639,0.2687,1.0251,0.3465
Gamma,Scenario B2 (GAWN Noise 0.2sigma),One-Step-Ahead Pre-Sequential,50,0.05,95.0,2.5,Traditional Offline,94.52,2.83,2.65,10.7527,0.0722,0.3108,1.025,0.3465
Gamma,Scenario B2 (GAWN Noise 0.2sigma),In-Sample Adaptation,50,0.05,95.0,2.5,Cumulative Online,100.0,0.0,0.0,26.287,0.506,4.1189,1.0395,8.5313
Gamma,Scenario B2 (GAWN Noise 0.2sigma),One-Step-Ahead Pre-Sequential,50,0.05,95.0,2.5,Cumulative Online,99.79,0.12,0.09,26.1849,0.5225,4.2746,1.0394,8.5313
Gamma,Scenario B2 (GAWN Noise 0.2sigma),In-Sample Adaptation,50,0.05,95.0,2.5,Proposed RBULT,89.87,4.1,6.03,8.6962,0.0,0.0,0.98,0.9829
Gamma,Scenario B2 (GAWN Noise 0.2sigma),One-Step-Ahead Pre-Sequential,50,0.05,95.0,2.5,Proposed RBULT,89.83,4.12,6.05,8.6931,0.0213,0.0227,0.9801,0.9829
Gamma,Scenario B2 (GAWN Noise 0.2sigma),In-Sample Adaptation,50,0.01,99.0,0.5,Traditional Offline,98.67,0.75,0.58,14.7419,0.1305,0.5017,1.0311,0.3443
Gamma,Scenario B2 (GAWN Noise 0.2sigma),One-Step-Ahead Pre-Sequential,50,0.01,99.0,0.5,Traditional Offline,98.58,0.8,0.62,14.7088,0.1418,0.6293,1.0309,0.3443
Gamma,Scenario B2 (GAWN Noise 0.2sigma),In-Sample Adaptation,50,0.01,99.0,0.5,Cumulative Online,100.0,0.0,0.0,26.2758,0.5177,4.119,1.039,9.0312
Gamma,Scenario B2 (GAWN Noise 0.2sigma),One-Step-Ahead Pre-Sequential,50,0.01,99.0,0.5,Cumulative Online,99.8,0.12,0.08,26.1761,0.5297,4.2703,1.0389,9.0312
Gamma,Scenario B2 (GAWN Noise 0.2sigma),In-Sample Adaptation,50,0.01,99.0,0.5,Proposed RBULT,89.87,4.1,6.03,8.6971,0.0,0.0,0.98,0.9841
Gamma,Scenario B2 (GAWN Noise 0.2sigma),One-Step-Ahead Pre-Sequential,50,0.01,99.0,0.5,Proposed RBULT,89.85,4.11,6.04,8.6963,0.0046,0.006,0.98,0.9841
Gamma,Scenario B2 (GAWN Noise 0.2sigma),In-Sample Adaptation,100,0.05,95.0,2.5,Traditional Offline,94.68,2.77,2.55,10.7713,0.0581,0.2326,1.0255,0.3532
Gamma,Scenario B2 (GAWN Noise 0.2sigma),One-Step-Ahead Pre-Sequential,100,0.05,95.0,2.5,Traditional Offline,94.54,2.79,2.67,10.7486,0.0677,0.2941,1.0254,0.3532
Gamma,Scenario B2 (GAWN Noise 0.2sigma),In-Sample Adaptation,100,0.05,95.0,2.5,Cumulative Online,100.0,0.0,0.0,26.3251,0.5072,3.9984,1.0392,16.2573
Gamma,Scenario B2 (GAWN Noise 0.2sigma),One-Step-Ahead Pre-Sequential,100,0.05,95.0,2.5,Cumulative Online,99.79,0.14,0.07,26.1262,0.5349,4.2977,1.039,16.2573
Gamma,Scenario B2 (GAWN Noise 0.2sigma),In-Sample Adaptation,100,0.05,95.0,2.5,Proposed RBULT,93.9,3.39,2.71,10.6233,0.0,0.0,1.0192,1.9245
Gamma,Scenario B2 (GAWN Noise 0.2sigma),One-Step-Ahead Pre-Sequential,100,0.05,95.0,2.5,Proposed RBULT,93.85,3.42,2.73,10.6031,0.0267,0.1738,1.019,1.9245
Gamma,Scenario B2 (GAWN Noise 0.2sigma),In-Sample Adaptation,100,0.01,99.0,0.5,Traditional Offline,98.7,0.73,0.57,14.7607,0.1259,0.353,1.0316,0.3483
Gamma,Scenario B2 (GAWN Noise 0.2sigma),One-Step-Ahead Pre-Sequential,100,0.01,99.0,0.5,Traditional Offline,98.63,0.79,0.58,14.7311,0.1427,0.3979,1.0311,0.3483
Gamma,Scenario B2 (GAWN Noise 0.2sigma),In-Sample Adaptation,100,0.01,99.0,0.5,Cumulative Online,100.0,0.0,0.0,26.3179,0.5142,3.9984,1.0389,16.4202
Gamma,Scenario B2 (GAWN Noise 0.2sigma),One-Step-Ahead Pre-Sequential,100,0.01,99.0,0.5,Cumulative Online,99.84,0.11,0.05,26.155,0.5345,4.1856,1.0386,16.4202
Gamma,Scenario B2 (GAWN Noise 0.2sigma),In-Sample Adaptation,100,0.01,99.0,0.5,Proposed RBULT,93.9,3.39,2.71,10.6233,0.0,0.0,1.0199,1.9361
Gamma,Scenario B2 (GAWN Noise 0.2sigma),One-Step-Ahead Pre-Sequential,100,0.01,99.0,0.5,Proposed RBULT,93.89,3.4,2.71,10.6391,0.0048,0.1619,1.0195,1.9361
Gamma,Scenario B2 (GAWN Noise 0.2sigma),In-Sample Adaptation,500,0.05,95.0,2.5,Traditional Offline,94.7,2.74,2.56,10.7991,0.0468,0.0702,1.0254,0.3752
Gamma,Scenario B2 (GAWN Noise 0.2sigma),One-Step-Ahead Pre-Sequential,500,0.05,95.0,2.5,Traditional Offline,94.55,2.81,2.64,10.7784,0.055,0.081,1.0253,0.3752
Gamma,Scenario B2 (GAWN Noise 0.2sigma),In-Sample Adaptation,500,0.05,95.0,2.5,Cumulative Online,100.0,0.0,0.0,26.556,0.4763,3.6558,1.0398,41.9552
Gamma,Scenario B2 (GAWN Noise 0.2sigma),One-Step-Ahead Pre-Sequential,500,0.05,95.0,2.5,Cumulative Online,99.65,0.19,0.16,25.6548,0.5768,4.8104,1.039,41.9552
Gamma,Scenario B2 (GAWN Noise 0.2sigma),In-Sample Adaptation,500,0.05,95.0,2.5,Proposed RBULT,97.46,0.62,1.92,12.0822,0.0,0.0,1.0289,10.1416
Gamma,Scenario B2 (GAWN Noise 0.2sigma),One-Step-Ahead Pre-Sequential,500,0.05,95.0,2.5,Proposed RBULT,97.27,0.75,1.98,12.0014,0.1554,0.1968,1.0286,10.1416
Gamma,Scenario B2 (GAWN Noise 0.2sigma),In-Sample Adaptation,500,0.01,99.0,0.5,Traditional Offline,98.74,0.69,0.57,14.7989,0.0963,0.2826,1.0315,0.3713
Gamma,Scenario B2 (GAWN Noise 0.2sigma),One-Step-Ahead Pre-Sequential,500,0.01,99.0,0.5,Traditional Offline,98.68,0.74,0.58,14.7456,0.0976,0.3006,1.0328,0.3713
Gamma,Scenario B2 (GAWN Noise 0.2sigma),In-Sample Adaptation,500,0.01,99.0,0.5,Cumulative Online,100.0,0.0,0.0,26.5554,0.4773,3.655,1.0398,41.7189
Gamma,Scenario B2 (GAWN Noise 0.2sigma),One-Step-Ahead Pre-Sequential,500,0.01,99.0,0.5,Cumulative Online,99.85,0.09,0.06,25.8358,0.5153,4.4012,1.0403,41.7189
Gamma,Scenario B2 (GAWN Noise 0.2sigma),In-Sample Adaptation,500,0.01,99.0,0.5,Proposed RBULT,97.45,0.62,1.93,12.0731,0.0,0.0,1.028,10.203
Gamma,Scenario B2 (GAWN Noise 0.2sigma),One-Step-Ahead Pre-Sequential,500,0.01,99.0,0.5,Proposed RBULT,97.46,0.65,1.89,12.1745,0.0327,0.4745,1.0306,10.203
Gamma,Scenario B3 (GAWN Noise 0.3sigma),In-Sample Adaptation,50,0.05,95.0,2.5,Traditional Offline,94.66,2.69,2.65,11.2115,0.1091,0.2844,1.0675,0.3465
Gamma,Scenario B3 (GAWN Noise 0.3sigma),One-Step-Ahead Pre-Sequential,50,0.05,95.0,2.5,Traditional Offline,94.58,2.75,2.67,11.1955,0.1198,0.3292,1.0672,0.3465
Gamma,Scenario B3 (GAWN Noise 0.3sigma),In-Sample Adaptation,50,0.05,95.0,2.5,Cumulative Online,100.0,0.0,0.0,26.9125,0.7203,3.992,1.0643,10.4094
Gamma,Scenario B3 (GAWN Noise 0.3sigma),One-Step-Ahead Pre-Sequential,50,0.05,95.0,2.5,Cumulative Online,99.75,0.15,0.1,26.807,0.7406,4.151,1.0641,10.4094
Gamma,Scenario B3 (GAWN Noise 0.3sigma),In-Sample Adaptation,50,0.05,95.0,2.5,Proposed RBULT,90.52,2.99,6.49,9.026,0.0,0.0,1.0172,0.9931
Gamma,Scenario B3 (GAWN Noise 0.3sigma),One-Step-Ahead Pre-Sequential,50,0.05,95.0,2.5,Proposed RBULT,90.48,3.01,6.51,9.0216,0.0445,0.017,1.0171,0.9931
Gamma,Scenario B3 (GAWN Noise 0.3sigma),In-Sample Adaptation,50,0.01,99.0,0.5,Traditional Offline,98.66,0.76,0.58,15.3031,0.1514,0.5266,1.0704,0.3496
Gamma,Scenario B3 (GAWN Noise 0.3sigma),One-Step-Ahead Pre-Sequential,50,0.01,99.0,0.5,Traditional Offline,98.58,0.81,0.61,15.2687,0.164,0.6565,1.0702,0.3496
Gamma,Scenario B3 (GAWN Noise 0.3sigma),In-Sample Adaptation,50,0.01,99.0,0.5,Cumulative Online,100.0,0.0,0.0,26.9043,0.7252,3.9921,1.0639,10.3974
Gamma,Scenario B3 (GAWN Noise 0.3sigma),One-Step-Ahead Pre-Sequential,50,0.01,99.0,0.5,Cumulative Online,99.77,0.14,0.09,26.8023,0.738,4.1472,1.0638,10.3974
Gamma,Scenario B3 (GAWN Noise 0.3sigma),In-Sample Adaptation,50,0.01,99.0,0.5,Proposed RBULT,90.62,2.91,6.47,9.0424,0.0,0.0,1.0189,0.9834
Gamma,Scenario B3 (GAWN Noise 0.3sigma),One-Step-Ahead Pre-Sequential,50,0.01,99.0,0.5,Proposed RBULT,90.6,2.92,6.48,9.0414,0.0114,0.0033,1.0189,0.9834
Gamma,Scenario B3 (GAWN Noise 0.3sigma),In-Sample Adaptation,100,0.05,95.0,2.5,Traditional Offline,94.7,2.67,2.63,11.2162,0.1038,0.2411,1.0679,0.3473
Gamma,Scenario B3 (GAWN Noise 0.3sigma),One-Step-Ahead Pre-Sequential,100,0.05,95.0,2.5,Traditional Offline,94.6,2.72,2.68,11.1904,0.115,0.3082,1.0675,0.3473
Gamma,Scenario B3 (GAWN Noise 0.3sigma),In-Sample Adaptation,100,0.05,95.0,2.5,Cumulative Online,100.0,0.0,0.0,26.9509,0.7216,3.8789,1.0639,17.1751
Gamma,Scenario B3 (GAWN Noise 0.3sigma),One-Step-Ahead Pre-Sequential,100,0.05,95.0,2.5,Cumulative Online,99.76,0.16,0.08,26.7461,0.755,4.1831,1.0636,17.1751
Gamma,Scenario B3 (GAWN Noise 0.3sigma),In-Sample Adaptation,100,0.05,95.0,2.5,Proposed RBULT,94.26,3.02,2.72,11.0076,0.0,0.0,1.056,1.9346
Gamma,Scenario B3 (GAWN Noise 0.3sigma),One-Step-Ahead Pre-Sequential,100,0.05,95.0,2.5,Proposed RBULT,94.21,3.05,2.74,10.9853,0.0417,0.18,1.0558,1.9346
Gamma,Scenario B3 (GAWN Noise 0.3sigma),In-Sample Adaptation,100,0.01,99.0,0.5,Traditional Offline,98.68,0.76,0.56,15.3213,0.1496,0.3834,1.0707,0.345
Gamma,Scenario B3 (GAWN Noise 0.3sigma),One-Step-Ahead Pre-Sequential,100,0.01,99.0,0.5,Traditional Offline,98.59,0.82,0.59,15.2877,0.174,0.4336,1.0701,0.345
Gamma,Scenario B3 (GAWN Noise 0.3sigma),In-Sample Adaptation,100,0.01,99.0,0.5,Cumulative Online,100.0,0.0,0.0,26.9677,0.7358,3.8789,1.0646,17.1345
Gamma,Scenario B3 (GAWN Noise 0.3sigma),One-Step-Ahead Pre-Sequential,100,0.01,99.0,0.5,Cumulative Online,99.8,0.14,0.06,26.7984,0.761,4.0708,1.0641,17.1345
Gamma,Scenario B3 (GAWN Noise 0.3sigma),In-Sample Adaptation,100,0.01,99.0,0.5,Proposed RBULT,94.29,2.99,2.72,11.0165,0.0,0.0,1.0576,1.9498
Gamma,Scenario B3 (GAWN Noise 0.3sigma),One-Step-Ahead Pre-Sequential,100,0.01,99.0,0.5,Proposed RBULT,94.28,3.0,2.72,11.03,0.0147,0.1486,1.057,1.9498
Gamma,Scenario B3 (GAWN Noise 0.3sigma),In-Sample Adaptation,500,0.05,95.0,2.5,Traditional Offline,94.78,2.63,2.59,11.2464,0.0886,0.1075,1.0678,0.3754
Gamma,Scenario B3 (GAWN Noise 0.3sigma),One-Step-Ahead Pre-Sequential,500,0.05,95.0,2.5,Traditional Offline,94.64,2.71,2.65,11.2077,0.1012,0.1405,1.0661,0.3754
Gamma,Scenario B3 (GAWN Noise 0.3sigma),In-Sample Adaptation,500,0.05,95.0,2.5,Cumulative Online,100.0,0.0,0.0,27.1896,0.6814,3.5378,1.0647,43.4961
Gamma,Scenario B3 (GAWN Noise 0.3sigma),One-Step-Ahead Pre-Sequential,500,0.05,95.0,2.5,Cumulative Online,99.63,0.21,0.16,26.2564,0.8045,4.7222,1.0634,43.4961
Gamma,Scenario B3 (GAWN Noise 0.3sigma),In-Sample Adaptation,500,0.05,95.0,2.5,Proposed RBULT,97.51,0.78,1.71,12.7765,0.0,0.0,1.0881,10.1217
Gamma,Scenario B3 (GAWN Noise 0.3sigma),One-Step-Ahead Pre-Sequential,500,0.05,95.0,2.5,Proposed RBULT,97.31,0.91,1.78,12.6672,0.186,0.2907,1.0857,10.1217
Gamma,Scenario B3 (GAWN Noise 0.3sigma),In-Sample Adaptation,500,0.01,99.0,0.5,Traditional Offline,98.73,0.73,0.54,15.3485,0.106,0.3121,1.0698,0.3792
Gamma,Scenario B3 (GAWN Noise 0.3sigma),One-Step-Ahead Pre-Sequential,500,0.01,99.0,0.5,Traditional Offline,98.65,0.78,0.57,15.2868,0.1146,0.3345,1.0707,0.3792
Gamma,Scenario B3 (GAWN Noise 0.3sigma),In-Sample Adaptation,500,0.01,99.0,0.5,Cumulative Online,100.0,0.0,0.0,27.1948,0.6844,3.539,1.0649,46.2088
Gamma,Scenario B3 (GAWN Noise 0.3sigma),One-Step-Ahead Pre-Sequential,500,0.01,99.0,0.5,Cumulative Online,99.83,0.11,0.06,26.4558,0.7348,4.2895,1.0653,46.2088
Gamma,Scenario B3 (GAWN Noise 0.3sigma),In-Sample Adaptation,500,0.01,99.0,0.5,Proposed RBULT,97.51,0.78,1.71,12.7792,0.0,0.0,1.0881,10.096
Gamma,Scenario B3 (GAWN Noise 0.3sigma),One-Step-Ahead Pre-Sequential,500,0.01,99.0,0.5,Proposed RBULT,97.51,0.81,1.68,12.8643,0.0361,0.4072,1.089,10.096
Gamma,Scenario C1 (Impulse Spikes 1%),In-Sample Adaptation,50,0.05,95.0,2.5,Traditional Offline,94.93,2.6,2.47,11.1568,0.0609,0.3926,1.0623,0.3462
Gamma,Scenario C1 (Impulse Spikes 1%),One-Step-Ahead Pre-Sequential,50,0.05,95.0,2.5,Traditional Offline,94.85,2.66,2.49,11.1741,0.0713,0.4823,1.0652,0.3462
Gamma,Scenario C1 (Impulse Spikes 1%),In-Sample Adaptation,50,0.05,95.0,2.5,Cumulative Online,100.0,0.0,0.0,38.0592,2.0706,2.7152,1.5051,8.0597
Gamma,Scenario C1 (Impulse Spikes 1%),One-Step-Ahead Pre-Sequential,50,0.05,95.0,2.5,Cumulative Online,99.83,0.11,0.06,37.932,2.2635,2.8124,1.5057,8.0597
Gamma,Scenario C1 (Impulse Spikes 1%),In-Sample Adaptation,50,0.05,95.0,2.5,Proposed RBULT,91.41,2.5,6.09,8.8825,0.0,0.0,1.001,0.9844
Gamma,Scenario C1 (Impulse Spikes 1%),One-Step-Ahead Pre-Sequential,50,0.05,95.0,2.5,Proposed RBULT,91.39,2.52,6.09,8.9111,0.0382,0.4417,1.0047,0.9844
Gamma,Scenario C1 (Impulse Spikes 1%),In-Sample Adaptation,50,0.01,99.0,0.5,Traditional Offline,98.93,0.61,0.46,19.1088,3.2374,0.2406,1.3366,0.3456
Gamma,Scenario C1 (Impulse Spikes 1%),One-Step-Ahead Pre-Sequential,50,0.01,99.0,0.5,Traditional Offline,98.86,0.65,0.49,19.1094,3.2393,0.2426,1.3393,0.3456
Gamma,Scenario C1 (Impulse Spikes 1%),In-Sample Adaptation,50,0.01,99.0,0.5,Cumulative Online,100.0,0.0,0.0,38.0591,2.0712,2.7152,1.505,8.5138
Gamma,Scenario C1 (Impulse Spikes 1%),One-Step-Ahead Pre-Sequential,50,0.01,99.0,0.5,Cumulative Online,99.85,0.1,0.05,37.9437,2.2523,2.7796,1.5059,8.5138
Gamma,Scenario C1 (Impulse Spikes 1%),In-Sample Adaptation,50,0.01,99.0,0.5,Proposed RBULT,91.41,2.5,6.09,8.8748,0.0,0.0,1.0,0.982
Gamma,Scenario C1 (Impulse Spikes 1%),One-Step-Ahead Pre-Sequential,50,0.01,99.0,0.5,Proposed RBULT,91.41,2.51,6.08,8.9153,0.0089,0.5794,1.0047,0.982
Gamma,Scenario C1 (Impulse Spikes 1%),In-Sample Adaptation,100,0.05,95.0,2.5,Traditional Offline,94.93,2.58,2.49,11.1327,0.0502,0.2337,1.0599,0.351
Gamma,Scenario C1 (Impulse Spikes 1%),One-Step-Ahead Pre-Sequential,100,0.05,95.0,2.5,Traditional Offline,94.86,2.64,2.5,11.1425,0.056,0.2641,1.0629,0.351
Gamma,Scenario C1 (Impulse Spikes 1%),In-Sample Adaptation,100,0.05,95.0,2.5,Cumulative Online,100.0,0.0,0.0,38.126,1.8785,2.7103,1.505,13.0911
Gamma,Scenario C1 (Impulse Spikes 1%),One-Step-Ahead Pre-Sequential,100,0.05,95.0,2.5,Cumulative Online,99.81,0.12,0.07,37.8468,2.2665,3.0101,1.5051,13.0911
Gamma,Scenario C1 (Impulse Spikes 1%),In-Sample Adaptation,100,0.05,95.0,2.5,Proposed RBULT,94.31,2.39,3.3,10.425,0.0,0.0,1.0001,1.9601
Gamma,Scenario C1 (Impulse Spikes 1%),One-Step-Ahead Pre-Sequential,100,0.05,95.0,2.5,Proposed RBULT,94.28,2.42,3.3,10.4419,0.0271,0.196,1.0035,1.9601
Gamma,Scenario C1 (Impulse Spikes 1%),In-Sample Adaptation,100,0.01,99.0,0.5,Traditional Offline,98.94,0.6,0.46,19.0848,3.2955,0.2322,1.3338,0.3485
Gamma,Scenario C1 (Impulse Spikes 1%),One-Step-Ahead Pre-Sequential,100,0.01,99.0,0.5,Traditional Offline,98.88,0.63,0.49,19.0868,3.2982,0.2355,1.336,0.3485
Gamma,Scenario C1 (Impulse Spikes 1%),In-Sample Adaptation,100,0.01,99.0,0.5,Cumulative Online,100.0,0.0,0.0,38.126,1.8785,2.7103,1.505,12.3666
Gamma,Scenario C1 (Impulse Spikes 1%),One-Step-Ahead Pre-Sequential,100,0.01,99.0,0.5,Cumulative Online,99.85,0.1,0.05,37.8961,2.252,2.8382,1.5048,12.3666
Gamma,Scenario C1 (Impulse Spikes 1%),In-Sample Adaptation,100,0.01,99.0,0.5,Proposed RBULT,94.28,2.42,3.3,10.4178,0.0,0.0,1.0001,1.9605
Gamma,Scenario C1 (Impulse Spikes 1%),One-Step-Ahead Pre-Sequential,100,0.01,99.0,0.5,Proposed RBULT,94.29,2.43,3.28,10.4841,0.0004,0.6603,1.0047,1.9605
Gamma,Scenario C1 (Impulse Spikes 1%),In-Sample Adaptation,500,0.05,95.0,2.5,Traditional Offline,94.93,2.55,2.52,11.0984,0.0332,0.1382,1.0538,0.3713
Gamma,Scenario C1 (Impulse Spikes 1%),One-Step-Ahead Pre-Sequential,500,0.05,95.0,2.5,Traditional Offline,94.84,2.61,2.55,11.102,0.0361,0.1435,1.0561,0.3713
Gamma,Scenario C1 (Impulse Spikes 1%),In-Sample Adaptation,500,0.05,95.0,2.5,Cumulative Online,100.0,0.0,0.0,38.5092,0.5767,2.5611,1.5079,49.7752
Gamma,Scenario C1 (Impulse Spikes 1%),One-Step-Ahead Pre-Sequential,500,0.05,95.0,2.5,Cumulative Online,99.65,0.19,0.16,37.0675,2.8559,4.0387,1.5013,49.7752
Gamma,Scenario C1 (Impulse Spikes 1%),In-Sample Adaptation,500,0.05,95.0,2.5,Proposed RBULT,97.19,1.2,1.61,12.5341,0.0,0.0,1.0674,10.4203
Gamma,Scenario C1 (Impulse Spikes 1%),One-Step-Ahead Pre-Sequential,500,0.05,95.0,2.5,Proposed RBULT,97.03,1.31,1.66,12.468,0.0523,0.2358,1.0686,10.4203
Gamma,Scenario C1 (Impulse Spikes 1%),In-Sample Adaptation,500,0.01,99.0,0.5,Traditional Offline,98.97,0.57,0.46,19.7861,3.6128,0.2088,1.3791,0.369
Gamma,Scenario C1 (Impulse Spikes 1%),One-Step-Ahead Pre-Sequential,500,0.01,99.0,0.5,Traditional Offline,98.9,0.61,0.49,19.8021,3.6226,0.2302,1.387,0.369
Gamma,Scenario C1 (Impulse Spikes 1%),In-Sample Adaptation,500,0.01,99.0,0.5,Cumulative Online,100.0,0.0,0.0,38.5061,0.5767,2.5681,1.5078,43.7545
Gamma,Scenario C1 (Impulse Spikes 1%),One-Step-Ahead Pre-Sequential,500,0.01,99.0,0.5,Cumulative Online,99.86,0.09,0.05,37.3625,2.8093,3.173,1.5045,43.7545
Gamma,Scenario C1 (Impulse Spikes 1%),In-Sample Adaptation,500,0.01,99.0,0.5,Proposed RBULT,97.19,1.2,1.61,12.53,0.0,0.0,1.0669,10.4315
Gamma,Scenario C1 (Impulse Spikes 1%),One-Step-Ahead Pre-Sequential,500,0.01,99.0,0.5,Proposed RBULT,97.23,1.21,1.56,12.7622,0.0047,1.0169,1.0803,10.4315
Gamma,Scenario C2 (Impulse Spikes 5%),In-Sample Adaptation,50,0.05,95.0,2.5,Traditional Offline,95.17,2.42,2.41,22.7095,2.3645,0.4365,2.1622,0.3511
Gamma,Scenario C2 (Impulse Spikes 5%),One-Step-Ahead Pre-Sequential,50,0.05,95.0,2.5,Traditional Offline,95.12,2.47,2.41,22.6788,2.4221,0.4547,2.1619,0.3511
Gamma,Scenario C2 (Impulse Spikes 5%),In-Sample Adaptation,50,0.05,95.0,2.5,Cumulative Online,100.0,0.0,0.0,38.9575,0.2979,2.3446,1.5406,2.8195
Gamma,Scenario C2 (Impulse Spikes 5%),One-Step-Ahead Pre-Sequential,50,0.05,95.0,2.5,Cumulative Online,99.9,0.07,0.03,38.8424,0.9847,2.4206,1.5418,2.8195
Gamma,Scenario C2 (Impulse Spikes 5%),In-Sample Adaptation,50,0.05,95.0,2.5,Proposed RBULT,98.09,1.83,0.08,29.6973,0.0,0.0,3.3468,0.4783
Gamma,Scenario C2 (Impulse Spikes 5%),One-Step-Ahead Pre-Sequential,50,0.05,95.0,2.5,Proposed RBULT,98.05,1.85,0.1,29.6341,0.6644,0.2275,3.341,0.4783
Gamma,Scenario C2 (Impulse Spikes 5%),In-Sample Adaptation,50,0.01,99.0,0.5,Traditional Offline,99.02,0.46,0.52,31.8703,0.4121,0.0838,2.2292,0.3454
Gamma,Scenario C2 (Impulse Spikes 5%),One-Step-Ahead Pre-Sequential,50,0.01,99.0,0.5,Traditional Offline,98.96,0.51,0.53,31.844,0.5628,0.0848,2.2319,0.3454
Gamma,Scenario C2 (Impulse Spikes 5%),In-Sample Adaptation,50,0.01,99.0,0.5,Cumulative Online,100.0,0.0,0.0,38.9575,0.2979,2.3446,1.5405,2.8206
Gamma,Scenario C2 (Impulse Spikes 5%),One-Step-Ahead Pre-Sequential,50,0.01,99.0,0.5,Cumulative Online,99.92,0.06,0.02,38.8903,0.5272,2.3834,1.5435,2.8206
Gamma,Scenario C2 (Impulse Spikes 5%),In-Sample Adaptation,50,0.01,99.0,0.5,Proposed RBULT,98.09,1.83,0.08,29.6973,0.0,0.0,3.3463,0.4781
Gamma,Scenario C2 (Impulse Spikes 5%),One-Step-Ahead Pre-Sequential,50,0.01,99.0,0.5,Proposed RBULT,98.07,1.84,0.09,29.682,0.1608,0.0556,3.3448,0.4781
Gamma,Scenario C2 (Impulse Spikes 5%),In-Sample Adaptation,100,0.05,95.0,2.5,Traditional Offline,95.19,2.4,2.41,22.6809,2.4513,0.4247,2.1594,0.3574
Gamma,Scenario C2 (Impulse Spikes 5%),One-Step-Ahead Pre-Sequential,100,0.05,95.0,2.5,Traditional Offline,95.18,2.4,2.42,22.7138,2.4584,0.4612,2.1668,0.3574
Gamma,Scenario C2 (Impulse Spikes 5%),In-Sample Adaptation,100,0.05,95.0,2.5,Cumulative Online,100.0,0.0,0.0,38.9891,0.1273,2.3446,1.5391,5.7193
Gamma,Scenario C2 (Impulse Spikes 5%),One-Step-Ahead Pre-Sequential,100,0.05,95.0,2.5,Cumulative Online,99.91,0.05,0.04,38.8524,0.4075,2.4938,1.5451,5.7193
Gamma,Scenario C2 (Impulse Spikes 5%),In-Sample Adaptation,100,0.05,95.0,2.5,Proposed RBULT,97.57,1.68,0.75,28.3603,0.0,0.0,2.7208,1.9613
Gamma,Scenario C2 (Impulse Spikes 5%),One-Step-Ahead Pre-Sequential,100,0.05,95.0,2.5,Proposed RBULT,97.53,1.7,0.77,28.3416,0.0151,0.1716,2.7238,1.9613
Gamma,Scenario C2 (Impulse Spikes 5%),In-Sample Adaptation,100,0.01,99.0,0.5,Traditional Offline,99.03,0.45,0.52,31.8938,0.177,0.0867,2.2289,0.3493
Gamma,Scenario C2 (Impulse Spikes 5%),One-Step-Ahead Pre-Sequential,100,0.01,99.0,0.5,Traditional Offline,99.0,0.47,0.53,31.8832,0.2184,0.0891,2.2316,0.3493
Gamma,Scenario C2 (Impulse Spikes 5%),In-Sample Adaptation,100,0.01,99.0,0.5,Cumulative Online,100.0,0.0,0.0,38.9848,0.1228,2.3446,1.5389,5.966
Gamma,Scenario C2 (Impulse Spikes 5%),One-Step-Ahead Pre-Sequential,100,0.01,99.0,0.5,Cumulative Online,99.95,0.03,0.02,38.8918,0.2356,2.4204,1.5443,5.966
Gamma,Scenario C2 (Impulse Spikes 5%),In-Sample Adaptation,100,0.01,99.0,0.5,Proposed RBULT,97.6,1.67,0.73,28.4198,0.0,0.0,2.7284,2.1585
Gamma,Scenario C2 (Impulse Spikes 5%),One-Step-Ahead Pre-Sequential,100,0.01,99.0,0.5,Proposed RBULT,97.6,1.67,0.73,28.4438,0.1693,0.0698,2.7257,2.1585
Gamma,Scenario C2 (Impulse Spikes 5%),In-Sample Adaptation,500,0.05,95.0,2.5,Traditional Offline,95.13,2.41,2.46,22.3041,2.7561,0.2813,2.1178,0.3781
Gamma,Scenario C2 (Impulse Spikes 5%),One-Step-Ahead Pre-Sequential,500,0.05,95.0,2.5,Traditional Offline,95.14,2.38,2.48,22.4195,2.7943,0.3411,2.1326,0.3781
Gamma,Scenario C2 (Impulse Spikes 5%),In-Sample Adaptation,500,0.05,95.0,2.5,Cumulative Online,100.0,0.0,0.0,39.0632,0.117,2.2837,1.5296,24.6634
Gamma,Scenario C2 (Impulse Spikes 5%),One-Step-Ahead Pre-Sequential,500,0.05,95.0,2.5,Cumulative Online,99.71,0.15,0.14,38.3343,0.8584,3.0904,1.5526,24.6634
Gamma,Scenario C2 (Impulse Spikes 5%),In-Sample Adaptation,500,0.05,95.0,2.5,Proposed RBULT,96.88,1.51,1.61,27.0245,0.0,0.0,2.3014,9.9166
Gamma,Scenario C2 (Impulse Spikes 5%),One-Step-Ahead Pre-Sequential,500,0.05,95.0,2.5,Proposed RBULT,96.82,1.54,1.64,26.9483,0.1304,0.2017,2.3097,9.9166
Gamma,Scenario C2 (Impulse Spikes 5%),In-Sample Adaptation,500,0.01,99.0,0.5,Traditional Offline,99.02,0.45,0.53,31.8812,0.1448,0.077,2.2221,0.3722
Gamma,Scenario C2 (Impulse Spikes 5%),One-Step-Ahead Pre-Sequential,500,0.01,99.0,0.5,Traditional Offline,99.02,0.45,0.53,31.8924,0.152,0.0749,2.2338,0.3722
Gamma,Scenario C2 (Impulse Spikes 5%),In-Sample Adaptation,500,0.01,99.0,0.5,Cumulative Online,100.0,0.0,0.0,39.0669,0.1183,2.2837,1.5298,24.7634
Gamma,Scenario C2 (Impulse Spikes 5%),One-Step-Ahead Pre-Sequential,500,0.01,99.0,0.5,Cumulative Online,99.91,0.05,0.04,38.6683,0.165,2.6633,1.5571,24.7634
Gamma,Scenario C2 (Impulse Spikes 5%),In-Sample Adaptation,500,0.01,99.0,0.5,Proposed RBULT,96.88,1.51,1.61,27.0246,0.0,0.0,2.301,9.9319
Gamma,Scenario C2 (Impulse Spikes 5%),One-Step-Ahead Pre-Sequential,500,0.01,99.0,0.5,Proposed RBULT,97.02,1.44,1.54,27.279,0.605,0.5041,2.3092,9.9319
Gamma,Scenario C3 (Impulse Spikes 10%),In-Sample Adaptation,50,0.05,95.0,2.5,Traditional Offline,95.09,2.37,2.54,28.3523,0.3078,0.3823,2.6995,0.3483
Gamma,Scenario C3 (Impulse Spikes 10%),One-Step-Ahead Pre-Sequential,50,0.05,95.0,2.5,Traditional Offline,95.01,2.43,2.56,28.3586,0.3269,0.427,2.7033,0.3483
Gamma,Scenario C3 (Impulse Spikes 10%),In-Sample Adaptation,50,0.05,95.0,2.5,Cumulative Online,100.0,0.0,0.0,39.0283,0.1321,2.3354,1.5434,2.9128
Gamma,Scenario C3 (Impulse Spikes 10%),One-Step-Ahead Pre-Sequential,50,0.05,95.0,2.5,Cumulative Online,99.93,0.04,0.03,38.9752,0.3162,2.3659,1.5471,2.9128
Gamma,Scenario C3 (Impulse Spikes 10%),In-Sample Adaptation,50,0.05,95.0,2.5,Proposed RBULT,99.59,0.34,0.07,33.33,0.0,0.0,3.7561,0.9818
Gamma,Scenario C3 (Impulse Spikes 10%),One-Step-Ahead Pre-Sequential,50,0.05,95.0,2.5,Proposed RBULT,99.55,0.36,0.09,33.3107,0.2621,0.0096,3.7555,0.9818
Gamma,Scenario C3 (Impulse Spikes 10%),In-Sample Adaptation,50,0.01,99.0,0.5,Traditional Offline,99.03,0.44,0.53,32.7283,0.0689,0.1584,2.2892,0.3496
Gamma,Scenario C3 (Impulse Spikes 10%),One-Step-Ahead Pre-Sequential,50,0.01,99.0,0.5,Traditional Offline,99.0,0.45,0.55,32.7262,0.0909,0.1616,2.2937,0.3496
Gamma,Scenario C3 (Impulse Spikes 10%),In-Sample Adaptation,50,0.01,99.0,0.5,Cumulative Online,100.0,0.0,0.0,39.0554,0.1136,2.3339,1.5444,3.3409
Gamma,Scenario C3 (Impulse Spikes 10%),One-Step-Ahead Pre-Sequential,50,0.01,99.0,0.5,Cumulative Online,99.95,0.03,0.02,39.0167,0.1477,2.3632,1.5485,3.3409
Gamma,Scenario C3 (Impulse Spikes 10%),In-Sample Adaptation,50,0.01,99.0,0.5,Proposed RBULT,99.57,0.36,0.07,33.3076,0.0,0.0,3.7531,0.9837
Gamma,Scenario C3 (Impulse Spikes 10%),One-Step-Ahead Pre-Sequential,50,0.01,99.0,0.5,Proposed RBULT,99.55,0.37,0.08,33.3029,0.0662,0.0009,3.7529,0.9837
Gamma,Scenario C3 (Impulse Spikes 10%),In-Sample Adaptation,100,0.05,95.0,2.5,Traditional Offline,95.1,2.34,2.56,28.3503,0.2788,0.3405,2.6992,0.3515
Gamma,Scenario C3 (Impulse Spikes 10%),One-Step-Ahead Pre-Sequential,100,0.05,95.0,2.5,Traditional Offline,95.06,2.38,2.56,28.3695,0.2781,0.3863,2.7063,0.3515
Gamma,Scenario C3 (Impulse Spikes 10%),In-Sample Adaptation,100,0.05,95.0,2.5,Cumulative Online,100.0,0.0,0.0,39.0203,0.126,2.3347,1.5403,4.8411
Gamma,Scenario C3 (Impulse Spikes 10%),One-Step-Ahead Pre-Sequential,100,0.05,95.0,2.5,Cumulative Online,99.91,0.05,0.04,38.9208,0.2821,2.4161,1.5478,4.8411
Gamma,Scenario C3 (Impulse Spikes 10%),In-Sample Adaptation,100,0.05,95.0,2.5,Proposed RBULT,99.58,0.34,0.08,33.3214,0.0,0.0,3.1967,1.9722
Gamma,Scenario C3 (Impulse Spikes 10%),One-Step-Ahead Pre-Sequential,100,0.05,95.0,2.5,Proposed RBULT,99.52,0.37,0.11,33.2895,0.2179,0.0992,3.1994,1.9722
Gamma,Scenario C3 (Impulse Spikes 10%),In-Sample Adaptation,100,0.01,99.0,0.5,Traditional Offline,99.04,0.43,0.53,32.7325,0.0347,0.1565,2.2875,0.3528
Gamma,Scenario C3 (Impulse Spikes 10%),One-Step-Ahead Pre-Sequential,100,0.01,99.0,0.5,Traditional Offline,99.02,0.44,0.54,32.7372,0.0341,0.1627,2.2914,0.3528
Gamma,Scenario C3 (Impulse Spikes 10%),In-Sample Adaptation,100,0.01,99.0,0.5,Cumulative Online,100.0,0.0,0.0,39.0204,0.1244,2.3317,1.5404,4.8606
Gamma,Scenario C3 (Impulse Spikes 10%),One-Step-Ahead Pre-Sequential,100,0.01,99.0,0.5,Cumulative Online,99.95,0.03,0.02,38.9521,0.1307,2.3896,1.5467,4.8606
Gamma,Scenario C3 (Impulse Spikes 10%),In-Sample Adaptation,100,0.01,99.0,0.5,Proposed RBULT,99.58,0.34,0.08,33.3264,0.0,0.0,3.1994,1.9818
Gamma,Scenario C3 (Impulse Spikes 10%),One-Step-Ahead Pre-Sequential,100,0.01,99.0,0.5,Proposed RBULT,99.56,0.35,0.09,33.3256,0.0062,0.0016,3.1935,1.9818
Gamma,Scenario C3 (Impulse Spikes 10%),In-Sample Adaptation,500,0.05,95.0,2.5,Traditional Offline,94.99,2.37,2.64,28.2787,0.2745,0.2299,2.6851,0.3821
Gamma,Scenario C3 (Impulse Spikes 10%),One-Step-Ahead Pre-Sequential,500,0.05,95.0,2.5,Traditional Offline,95.0,2.36,2.64,28.3574,0.3317,0.2664,2.6974,0.3821
Gamma,Scenario C3 (Impulse Spikes 10%),In-Sample Adaptation,500,0.05,95.0,2.5,Cumulative Online,100.0,0.0,0.0,39.0868,0.1234,2.2746,1.5305,30.4425
Gamma,Scenario C3 (Impulse Spikes 10%),One-Step-Ahead Pre-Sequential,500,0.05,95.0,2.5,Cumulative Online,99.7,0.16,0.14,38.5714,0.3731,2.809,1.5622,30.4425
Gamma,Scenario C3 (Impulse Spikes 10%),In-Sample Adaptation,500,0.05,95.0,2.5,Proposed RBULT,99.47,0.36,0.17,33.2387,0.0,0.0,2.8307,10.1238
Gamma,Scenario C3 (Impulse Spikes 10%),One-Step-Ahead Pre-Sequential,500,0.05,95.0,2.5,Proposed RBULT,99.23,0.49,0.28,33.0662,0.2725,0.4795,2.8341,10.1238
Gamma,Scenario C3 (Impulse Spikes 10%),In-Sample Adaptation,500,0.01,99.0,0.5,Traditional Offline,98.97,0.45,0.58,32.7206,0.0376,0.1478,2.2807,0.3762
Gamma,Scenario C3 (Impulse Spikes 10%),One-Step-Ahead Pre-Sequential,500,0.01,99.0,0.5,Traditional Offline,99.0,0.44,0.56,32.735,0.0328,0.1642,2.2928,0.3762
Gamma,Scenario C3 (Impulse Spikes 10%),In-Sample Adaptation,500,0.01,99.0,0.5,Cumulative Online,100.0,0.0,0.0,39.0827,0.1212,2.2754,1.5304,29.8896
Gamma,Scenario C3 (Impulse Spikes 10%),One-Step-Ahead Pre-Sequential,500,0.01,99.0,0.5,Cumulative Online,99.9,0.06,0.04,38.7315,0.157,2.5627,1.5596,29.8896
Gamma,Scenario C3 (Impulse Spikes 10%),In-Sample Adaptation,500,0.01,99.0,0.5,Proposed RBULT,99.47,0.36,0.17,33.2357,0.0,0.0,2.8299,10.0816
Gamma,Scenario C3 (Impulse Spikes 10%),One-Step-Ahead Pre-Sequential,500,0.01,99.0,0.5,Proposed RBULT,99.43,0.39,0.18,33.2273,0.0216,0.0153,2.8127,10.0816
Normal,Scenario A (Clean),In-Sample Adaptation,50,0.05,95.0,2.5,Traditional Offline,94.84,2.7,2.46,3.9021,0.0581,0.059,1.0,0.3459
Normal,Scenario A (Clean),One-Step-Ahead Pre-Sequential,50,0.05,95.0,2.5,Traditional Offline,94.8,2.72,2.48,3.8996,0.0582,0.0656,1.0,0.3459
Normal,Scenario A (Clean),In-Sample Adaptation,50,0.05,95.0,2.5,Cumulative Online,100.0,0.0,0.0,7.2313,0.2841,0.2433,1.0,5.6563
Normal,Scenario A (Clean),One-Step-Ahead Pre-Sequential,50,0.05,95.0,2.5,Cumulative Online,99.84,0.08,0.08,7.2093,0.2999,0.2926,1.0,5.6563
Normal,Scenario A (Clean),In-Sample Adaptation,50,0.05,95.0,2.5,Proposed RBULT,94.25,2.58,3.17,3.8196,0.0,0.0,0.9995,0.9845
Normal,Scenario A (Clean),One-Step-Ahead Pre-Sequential,50,0.05,95.0,2.5,Proposed RBULT,94.21,2.6,3.19,3.8178,0.0057,0.0207,0.9995,0.9845
Normal,Scenario A (Clean),In-Sample Adaptation,50,0.01,99.0,0.5,Traditional Offline,98.89,0.57,0.54,5.142,0.1171,0.0913,1.0,0.3471
Normal,Scenario A (Clean),One-Step-Ahead Pre-Sequential,50,0.01,99.0,0.5,Traditional Offline,98.81,0.6,0.59,5.1346,0.125,0.1067,1.0,0.3471
Normal,Scenario A (Clean),In-Sample Adaptation,50,0.01,99.0,0.5,Cumulative Online,100.0,0.0,0.0,7.2314,0.2841,0.243,1.0,5.6411
Normal,Scenario A (Clean),One-Step-Ahead Pre-Sequential,50,0.01,99.0,0.5,Cumulative Online,99.86,0.07,0.07,7.2108,0.2983,0.2841,1.0,5.6411
Normal,Scenario A (Clean),In-Sample Adaptation,50,0.01,99.0,0.5,Proposed RBULT,94.25,2.58,3.17,3.8227,0.0,0.0,1.0021,0.982
Normal,Scenario A (Clean),One-Step-Ahead Pre-Sequential,50,0.01,99.0,0.5,Proposed RBULT,94.23,2.59,3.18,3.8223,0.0009,0.0054,1.0021,0.982
Normal,Scenario A (Clean),In-Sample Adaptation,100,0.05,95.0,2.5,Traditional Offline,94.88,2.67,2.45,3.9051,0.058,0.0558,1.0,0.348
Normal,Scenario A (Clean),One-Step-Ahead Pre-Sequential,100,0.05,95.0,2.5,Traditional Offline,94.82,2.7,2.48,3.9006,0.0579,0.07,1.0,0.348
Normal,Scenario A (Clean),In-Sample Adaptation,100,0.05,95.0,2.5,Cumulative Online,100.0,0.0,0.0,7.2398,0.2672,0.2367,1.0,7.6136
Normal,Scenario A (Clean),One-Step-Ahead Pre-Sequential,100,0.05,95.0,2.5,Cumulative Online,99.81,0.08,0.11,7.1962,0.2971,0.3307,1.0,7.6136
Normal,Scenario A (Clean),In-Sample Adaptation,100,0.05,95.0,2.5,Proposed RBULT,96.3,0.49,3.21,4.472,0.0,0.0,1.0,0.9563
Normal,Scenario A (Clean),One-Step-Ahead Pre-Sequential,100,0.05,95.0,2.5,Proposed RBULT,96.24,0.52,3.24,4.4622,0.0679,0.0299,1.0,0.9563
Normal,Scenario A (Clean),In-Sample Adaptation,100,0.01,99.0,0.5,Traditional Offline,98.93,0.54,0.53,5.1472,0.1063,0.0914,1.0,0.3479
Normal,Scenario A (Clean),One-Step-Ahead Pre-Sequential,100,0.01,99.0,0.5,Traditional Offline,98.79,0.59,0.62,5.1353,0.1096,0.1247,1.0,0.3479
Normal,Scenario A (Clean),In-Sample Adaptation,100,0.01,99.0,0.5,Cumulative Online,100.0,0.0,0.0,7.2398,0.2672,0.2368,1.0,7.5826
Normal,Scenario A (Clean),One-Step-Ahead Pre-Sequential,100,0.01,99.0,0.5,Cumulative Online,99.85,0.06,0.09,7.2016,0.2815,0.3195,1.0,7.5826
Normal,Scenario A (Clean),In-Sample Adaptation,100,0.01,99.0,0.5,Proposed RBULT,96.3,0.49,3.21,4.472,0.0,0.0,1.0,0.9707
Normal,Scenario A (Clean),One-Step-Ahead Pre-Sequential,100,0.01,99.0,0.5,Proposed RBULT,96.28,0.5,3.22,4.4675,0.0311,0.0134,1.0,0.9707
Normal,Scenario A (Clean),In-Sample Adaptation,500,0.05,95.0,2.5,Traditional Offline,94.89,2.7,2.41,3.9094,0.058,0.0355,1.0,0.3677
Normal,Scenario A (Clean),One-Step-Ahead Pre-Sequential,500,0.05,95.0,2.5,Traditional Offline,94.8,2.78,2.42,3.9039,0.062,0.0363,1.0,0.3677
Normal,Scenario A (Clean),In-Sample Adaptation,500,0.05,95.0,2.5,Cumulative Online,100.0,0.0,0.0,7.2955,0.256,0.0318,1.0,28.4282
Normal,Scenario A (Clean),One-Step-Ahead Pre-Sequential,500,0.05,95.0,2.5,Cumulative Online,99.69,0.17,0.14,7.0947,0.4042,0.4135,1.0,28.4282
Normal,Scenario A (Clean),In-Sample Adaptation,500,0.05,95.0,2.5,Proposed RBULT,99.21,0.46,0.33,5.3665,0.0,0.0,1.0011,9.9517
Normal,Scenario A (Clean),One-Step-Ahead Pre-Sequential,500,0.05,95.0,2.5,Proposed RBULT,98.98,0.58,0.44,5.2898,0.1787,0.1556,1.001,9.9517
Normal,Scenario A (Clean),In-Sample Adaptation,500,0.01,99.0,0.5,Traditional Offline,98.93,0.55,0.52,5.1622,0.0958,0.0213,1.0,0.3681
Normal,Scenario A (Clean),One-Step-Ahead Pre-Sequential,500,0.01,99.0,0.5,Traditional Offline,98.87,0.59,0.54,5.1421,0.1237,0.0213,1.0,0.3681
Normal,Scenario A (Clean),In-Sample Adaptation,500,0.01,99.0,0.5,Cumulative Online,100.0,0.0,0.0,7.2951,0.2556,0.0318,1.0,28.5576
Normal,Scenario A (Clean),One-Step-Ahead Pre-Sequential,500,0.01,99.0,0.5,Cumulative Online,99.89,0.07,0.04,7.143,0.3355,0.2881,1.0,28.5576
Normal,Scenario A (Clean),In-Sample Adaptation,500,0.01,99.0,0.5,Proposed RBULT,99.19,0.48,0.33,5.3619,0.0,0.0,1.0007,9.9076
Normal,Scenario A (Clean),One-Step-Ahead Pre-Sequential,500,0.01,99.0,0.5,Proposed RBULT,99.16,0.5,0.34,5.3341,0.0902,0.0308,1.0007,9.9076
Normal,Scenario B1 (GAWN Noise 0.1sigma),In-Sample Adaptation,50,0.05,95.0,2.5,Traditional Offline,94.84,2.7,2.46,4.2936,0.064,0.0649,1.1003,0.3477
Normal,Scenario B1 (GAWN Noise 0.1sigma),One-Step-Ahead Pre-Sequential,50,0.05,95.0,2.5,Traditional Offline,94.8,2.72,2.48,4.2909,0.064,0.0722,1.1003,0.3477
Normal,Scenario B1 (GAWN Noise 0.1sigma),In-Sample Adaptation,50,0.05,95.0,2.5,Cumulative Online,100.0,0.0,0.0,7.9569,0.3126,0.2677,1.1003,5.6985
Normal,Scenario B1 (GAWN Noise 0.1sigma),One-Step-Ahead Pre-Sequential,50,0.05,95.0,2.5,Cumulative Online,99.84,0.08,0.08,7.9327,0.33,0.322,1.1003,5.6985
Normal,Scenario B1 (GAWN Noise 0.1sigma),In-Sample Adaptation,50,0.05,95.0,2.5,Proposed RBULT,94.25,2.58,3.17,4.205,0.0,0.0,1.1003,0.9795
Normal,Scenario B1 (GAWN Noise 0.1sigma),One-Step-Ahead Pre-Sequential,50,0.05,95.0,2.5,Proposed RBULT,94.21,2.6,3.19,4.2029,0.0062,0.0229,1.1003,0.9795
Normal,Scenario B1 (GAWN Noise 0.1sigma),In-Sample Adaptation,50,0.01,99.0,0.5,Traditional Offline,98.89,0.57,0.54,5.6579,0.1288,0.1005,1.1003,0.3435
Normal,Scenario B1 (GAWN Noise 0.1sigma),One-Step-Ahead Pre-Sequential,50,0.01,99.0,0.5,Traditional Offline,98.81,0.6,0.59,5.6498,0.1376,0.1174,1.1003,0.3435
Normal,Scenario B1 (GAWN Noise 0.1sigma),In-Sample Adaptation,50,0.01,99.0,0.5,Cumulative Online,100.0,0.0,0.0,7.9568,0.3126,0.2684,1.1003,5.6501
Normal,Scenario B1 (GAWN Noise 0.1sigma),One-Step-Ahead Pre-Sequential,50,0.01,99.0,0.5,Cumulative Online,99.86,0.07,0.07,7.9342,0.3282,0.3135,1.1003,5.6501
Normal,Scenario B1 (GAWN Noise 0.1sigma),In-Sample Adaptation,50,0.01,99.0,0.5,Proposed RBULT,94.22,2.58,3.2,4.1976,0.0,0.0,1.1003,0.9862
Normal,Scenario B1 (GAWN Noise 0.1sigma),One-Step-Ahead Pre-Sequential,50,0.01,99.0,0.5,Proposed RBULT,94.2,2.59,3.21,4.1971,0.0009,0.0054,1.1003,0.9862
Normal,Scenario B1 (GAWN Noise 0.1sigma),In-Sample Adaptation,100,0.05,95.0,2.5,Traditional Offline,94.88,2.67,2.45,4.2969,0.0638,0.0614,1.1003,0.348
Normal,Scenario B1 (GAWN Noise 0.1sigma),One-Step-Ahead Pre-Sequential,100,0.05,95.0,2.5,Traditional Offline,94.82,2.7,2.48,4.2919,0.0637,0.077,1.1003,0.348
Normal,Scenario B1 (GAWN Noise 0.1sigma),In-Sample Adaptation,100,0.05,95.0,2.5,Cumulative Online,100.0,0.0,0.0,7.9664,0.294,0.2597,1.1004,7.7442
Normal,Scenario B1 (GAWN Noise 0.1sigma),One-Step-Ahead Pre-Sequential,100,0.05,95.0,2.5,Cumulative Online,99.81,0.08,0.11,7.9184,0.327,0.3634,1.1004,7.7442
Normal,Scenario B1 (GAWN Noise 0.1sigma),In-Sample Adaptation,100,0.05,95.0,2.5,Proposed RBULT,96.32,0.49,3.19,4.925,0.0,0.0,1.1013,1.074
Normal,Scenario B1 (GAWN Noise 0.1sigma),One-Step-Ahead Pre-Sequential,100,0.05,95.0,2.5,Proposed RBULT,96.26,0.52,3.22,4.9142,0.0747,0.0333,1.1013,1.074
Normal,Scenario B1 (GAWN Noise 0.1sigma),In-Sample Adaptation,100,0.01,99.0,0.5,Traditional Offline,98.93,0.54,0.53,5.6636,0.117,0.1005,1.1003,0.3462
Normal,Scenario B1 (GAWN Noise 0.1sigma),One-Step-Ahead Pre-Sequential,100,0.01,99.0,0.5,Traditional Offline,98.79,0.59,0.62,5.6506,0.1206,0.1372,1.1003,0.3462
Normal,Scenario B1 (GAWN Noise 0.1sigma),In-Sample Adaptation,100,0.01,99.0,0.5,Cumulative Online,100.0,0.0,0.0,7.9664,0.294,0.2594,1.1004,7.8549
Normal,Scenario B1 (GAWN Noise 0.1sigma),One-Step-Ahead Pre-Sequential,100,0.01,99.0,0.5,Cumulative Online,99.85,0.06,0.09,7.9243,0.3097,0.3507,1.1004,7.8549
Normal,Scenario B1 (GAWN Noise 0.1sigma),In-Sample Adaptation,100,0.01,99.0,0.5,Proposed RBULT,96.34,0.49,3.17,4.9302,0.0,0.0,1.1025,1.0702
Normal,Scenario B1 (GAWN Noise 0.1sigma),One-Step-Ahead Pre-Sequential,100,0.01,99.0,0.5,Proposed RBULT,96.32,0.5,3.18,4.9252,0.0343,0.0157,1.1024,1.0702
Normal,Scenario B1 (GAWN Noise 0.1sigma),In-Sample Adaptation,500,0.05,95.0,2.5,Traditional Offline,94.89,2.7,2.41,4.3017,0.0638,0.0391,1.1003,0.3673
Normal,Scenario B1 (GAWN Noise 0.1sigma),One-Step-Ahead Pre-Sequential,500,0.05,95.0,2.5,Traditional Offline,94.8,2.78,2.42,4.2957,0.0682,0.0399,1.1003,0.3673
Normal,Scenario B1 (GAWN Noise 0.1sigma),In-Sample Adaptation,500,0.05,95.0,2.5,Cumulative Online,100.0,0.0,0.0,8.0304,0.2869,0.035,1.1007,37.7794
Normal,Scenario B1 (GAWN Noise 0.1sigma),One-Step-Ahead Pre-Sequential,500,0.05,95.0,2.5,Cumulative Online,99.69,0.17,0.14,7.8095,0.4488,0.455,1.1008,37.7794
Normal,Scenario B1 (GAWN Noise 0.1sigma),In-Sample Adaptation,500,0.05,95.0,2.5,Proposed RBULT,99.19,0.48,0.33,5.8994,0.0,0.0,1.1005,9.8785
Normal,Scenario B1 (GAWN Noise 0.1sigma),One-Step-Ahead Pre-Sequential,500,0.05,95.0,2.5,Proposed RBULT,98.96,0.6,0.44,5.8153,0.1943,0.1723,1.1005,9.8785
Normal,Scenario B1 (GAWN Noise 0.1sigma),In-Sample Adaptation,500,0.01,99.0,0.5,Traditional Offline,98.93,0.55,0.52,5.6801,0.1054,0.0234,1.1003,0.3644
Normal,Scenario B1 (GAWN Noise 0.1sigma),One-Step-Ahead Pre-Sequential,500,0.01,99.0,0.5,Traditional Offline,98.87,0.59,0.54,5.6581,0.1361,0.0235,1.1003,0.3644
Normal,Scenario B1 (GAWN Noise 0.1sigma),In-Sample Adaptation,500,0.01,99.0,0.5,Cumulative Online,100.0,0.0,0.0,8.03,0.2861,0.035,1.1007,37.8674
Normal,Scenario B1 (GAWN Noise 0.1sigma),One-Step-Ahead Pre-Sequential,500,0.01,99.0,0.5,Cumulative Online,99.89,0.07,0.04,7.8626,0.3736,0.317,1.1007,37.8674
Normal,Scenario B1 (GAWN Noise 0.1sigma),In-Sample Adaptation,500,0.01,99.0,0.5,Proposed RBULT,99.19,0.48,0.33,5.8918,0.0,0.0,1.0996,9.8954
Normal,Scenario B1 (GAWN Noise 0.1sigma),One-Step-Ahead Pre-Sequential,500,0.01,99.0,0.5,Proposed RBULT,99.16,0.5,0.34,5.8616,0.0996,0.0317,1.0996,9.8954
Normal,Scenario B2 (GAWN Noise 0.2sigma),In-Sample Adaptation,50,0.05,95.0,2.5,Traditional Offline,94.84,2.7,2.46,4.6852,0.0698,0.0708,1.2007,0.3457
Normal,Scenario B2 (GAWN Noise 0.2sigma),One-Step-Ahead Pre-Sequential,50,0.05,95.0,2.5,Traditional Offline,94.8,2.72,2.48,4.6822,0.0698,0.0788,1.2007,0.3457
Normal,Scenario B2 (GAWN Noise 0.2sigma),In-Sample Adaptation,50,0.05,95.0,2.5,Cumulative Online,100.0,0.0,0.0,8.6825,0.3411,0.2921,1.2007,5.6585
Normal,Scenario B2 (GAWN Noise 0.2sigma),One-Step-Ahead Pre-Sequential,50,0.05,95.0,2.5,Cumulative Online,99.84,0.08,0.08,8.6561,0.3601,0.3513,1.2007,5.6585
Normal,Scenario B2 (GAWN Noise 0.2sigma),In-Sample Adaptation,50,0.05,95.0,2.5,Proposed RBULT,94.25,2.58,3.17,4.5884,0.0,0.0,1.2007,0.98
Normal,Scenario B2 (GAWN Noise 0.2sigma),One-Step-Ahead Pre-Sequential,50,0.05,95.0,2.5,Proposed RBULT,94.21,2.6,3.19,4.5862,0.0068,0.025,1.2007,0.98
Normal,Scenario B2 (GAWN Noise 0.2sigma),In-Sample Adaptation,50,0.01,99.0,0.5,Traditional Offline,98.89,0.57,0.54,6.1739,0.1406,0.1096,1.2007,0.3429
Normal,Scenario B2 (GAWN Noise 0.2sigma),One-Step-Ahead Pre-Sequential,50,0.01,99.0,0.5,Traditional Offline,98.81,0.6,0.59,6.165,0.1501,0.1281,1.2007,0.3429
Normal,Scenario B2 (GAWN Noise 0.2sigma),In-Sample Adaptation,50,0.01,99.0,0.5,Cumulative Online,100.0,0.0,0.0,8.6824,0.3411,0.2929,1.2007,5.6437
Normal,Scenario B2 (GAWN Noise 0.2sigma),One-Step-Ahead Pre-Sequential,50,0.01,99.0,0.5,Cumulative Online,99.86,0.07,0.07,8.6577,0.3581,0.3421,1.2007,5.6437
Normal,Scenario B2 (GAWN Noise 0.2sigma),In-Sample Adaptation,50,0.01,99.0,0.5,Proposed RBULT,94.22,2.58,3.2,4.5804,0.0,0.0,1.2007,0.9845
Normal,Scenario B2 (GAWN Noise 0.2sigma),One-Step-Ahead Pre-Sequential,50,0.01,99.0,0.5,Proposed RBULT,94.2,2.59,3.21,4.5799,0.001,0.0059,1.2007,0.9845
Normal,Scenario B2 (GAWN Noise 0.2sigma),In-Sample Adaptation,100,0.05,95.0,2.5,Traditional Offline,94.88,2.67,2.45,4.6888,0.0696,0.0671,1.2007,0.3478
Normal,Scenario B2 (GAWN Noise 0.2sigma),One-Step-Ahead Pre-Sequential,100,0.05,95.0,2.5,Traditional Offline,94.82,2.7,2.48,4.6833,0.0695,0.0841,1.2007,0.3478
Normal,Scenario B2 (GAWN Noise 0.2sigma),In-Sample Adaptation,100,0.05,95.0,2.5,Cumulative Online,100.0,0.0,0.0,8.6928,0.3208,0.2834,1.2007,7.7437
Normal,Scenario B2 (GAWN Noise 0.2sigma),One-Step-Ahead Pre-Sequential,100,0.05,95.0,2.5,Cumulative Online,99.81,0.08,0.11,8.6405,0.3568,0.3965,1.2007,7.7437
Normal,Scenario B2 (GAWN Noise 0.2sigma),In-Sample Adaptation,100,0.05,95.0,2.5,Proposed RBULT,96.32,0.49,3.19,5.3741,0.0,0.0,1.2017,1.0729
Normal,Scenario B2 (GAWN Noise 0.2sigma),One-Step-Ahead Pre-Sequential,100,0.05,95.0,2.5,Proposed RBULT,96.26,0.52,3.22,5.3623,0.0815,0.0363,1.2017,1.0729
Normal,Scenario B2 (GAWN Noise 0.2sigma),In-Sample Adaptation,100,0.01,99.0,0.5,Traditional Offline,98.93,0.54,0.53,6.1801,0.1277,0.1097,1.2007,0.3471
Normal,Scenario B2 (GAWN Noise 0.2sigma),One-Step-Ahead Pre-Sequential,100,0.01,99.0,0.5,Traditional Offline,98.79,0.59,0.62,6.1659,0.1316,0.1498,1.2007,0.3471
Normal,Scenario B2 (GAWN Noise 0.2sigma),In-Sample Adaptation,100,0.01,99.0,0.5,Cumulative Online,100.0,0.0,0.0,8.6929,0.3208,0.283,1.2007,7.8351
Normal,Scenario B2 (GAWN Noise 0.2sigma),One-Step-Ahead Pre-Sequential,100,0.01,99.0,0.5,Cumulative Online,99.85,0.06,0.09,8.647,0.338,0.3827,1.2007,7.8351
Normal,Scenario B2 (GAWN Noise 0.2sigma),In-Sample Adaptation,100,0.01,99.0,0.5,Proposed RBULT,96.34,0.49,3.17,5.3798,0.0,0.0,1.203,1.0807
Normal,Scenario B2 (GAWN Noise 0.2sigma),One-Step-Ahead Pre-Sequential,100,0.01,99.0,0.5,Proposed RBULT,96.32,0.5,3.18,5.3743,0.0374,0.0172,1.203,1.0807
Normal,Scenario B2 (GAWN Noise 0.2sigma),In-Sample Adaptation,500,0.05,95.0,2.5,Traditional Offline,94.89,2.7,2.41,4.694,0.0697,0.0427,1.2007,0.368
Normal,Scenario B2 (GAWN Noise 0.2sigma),One-Step-Ahead Pre-Sequential,500,0.05,95.0,2.5,Traditional Offline,94.8,2.78,2.42,4.6874,0.0745,0.0436,1.2007,0.368
Normal,Scenario B2 (GAWN Noise 0.2sigma),In-Sample Adaptation,500,0.05,95.0,2.5,Cumulative Online,100.0,0.0,0.0,8.7627,0.3131,0.0382,1.2011,37.8082
Normal,Scenario B2 (GAWN Noise 0.2sigma),One-Step-Ahead Pre-Sequential,500,0.05,95.0,2.5,Cumulative Online,99.69,0.17,0.14,8.5216,0.4898,0.4965,1.2011,37.8082
Normal,Scenario B2 (GAWN Noise 0.2sigma),In-Sample Adaptation,500,0.05,95.0,2.5,Proposed RBULT,99.19,0.48,0.33,6.4406,0.0,0.0,1.2014,10.278
Normal,Scenario B2 (GAWN Noise 0.2sigma),One-Step-Ahead Pre-Sequential,500,0.05,95.0,2.5,Proposed RBULT,98.96,0.6,0.44,6.3487,0.2127,0.188,1.2014,10.278
Normal,Scenario B2 (GAWN Noise 0.2sigma),In-Sample Adaptation,500,0.01,99.0,0.5,Traditional Offline,98.93,0.55,0.52,6.1981,0.1151,0.0255,1.2007,0.3659
Normal,Scenario B2 (GAWN Noise 0.2sigma),One-Step-Ahead Pre-Sequential,500,0.01,99.0,0.5,Traditional Offline,98.87,0.59,0.54,6.1741,0.1485,0.0256,1.2007,0.3659
Normal,Scenario B2 (GAWN Noise 0.2sigma),In-Sample Adaptation,500,0.01,99.0,0.5,Cumulative Online,100.0,0.0,0.0,8.7622,0.3121,0.0382,1.2011,37.9183
Normal,Scenario B2 (GAWN Noise 0.2sigma),One-Step-Ahead Pre-Sequential,500,0.01,99.0,0.5,Cumulative Online,99.89,0.07,0.04,8.5795,0.4076,0.3459,1.2011,37.9183
Normal,Scenario B2 (GAWN Noise 0.2sigma),In-Sample Adaptation,500,0.01,99.0,0.5,Proposed RBULT,99.19,0.48,0.33,6.4346,0.0,0.0,1.2009,10.2637
Normal,Scenario B2 (GAWN Noise 0.2sigma),One-Step-Ahead Pre-Sequential,500,0.01,99.0,0.5,Proposed RBULT,99.16,0.5,0.34,6.4015,0.1089,0.0357,1.2009,10.2637
Normal,Scenario B3 (GAWN Noise 0.3sigma),In-Sample Adaptation,50,0.05,95.0,2.5,Traditional Offline,94.84,2.7,2.46,5.0767,0.0756,0.0767,1.301,0.3459
Normal,Scenario B3 (GAWN Noise 0.3sigma),One-Step-Ahead Pre-Sequential,50,0.05,95.0,2.5,Traditional Offline,94.8,2.72,2.48,5.0735,0.0757,0.0853,1.301,0.3459
Normal,Scenario B3 (GAWN Noise 0.3sigma),In-Sample Adaptation,50,0.05,95.0,2.5,Cumulative Online,100.0,0.0,0.0,9.4081,0.3696,0.3165,1.301,5.6677
Normal,Scenario B3 (GAWN Noise 0.3sigma),One-Step-Ahead Pre-Sequential,50,0.05,95.0,2.5,Cumulative Online,99.84,0.08,0.08,9.3795,0.3902,0.3807,1.301,5.6677
Normal,Scenario B3 (GAWN Noise 0.3sigma),In-Sample Adaptation,50,0.05,95.0,2.5,Proposed RBULT,94.25,2.58,3.17,4.9719,0.0,0.0,1.301,0.9829
Normal,Scenario B3 (GAWN Noise 0.3sigma),One-Step-Ahead Pre-Sequential,50,0.05,95.0,2.5,Proposed RBULT,94.21,2.6,3.19,4.9694,0.0074,0.0271,1.301,0.9829
Normal,Scenario B3 (GAWN Noise 0.3sigma),In-Sample Adaptation,50,0.01,99.0,0.5,Traditional Offline,98.89,0.57,0.54,6.6898,0.1523,0.1188,1.301,0.3437
Normal,Scenario B3 (GAWN Noise 0.3sigma),One-Step-Ahead Pre-Sequential,50,0.01,99.0,0.5,Traditional Offline,98.81,0.6,0.59,6.6802,0.1627,0.1389,1.301,0.3437
Normal,Scenario B3 (GAWN Noise 0.3sigma),In-Sample Adaptation,50,0.01,99.0,0.5,Cumulative Online,100.0,0.0,0.0,9.408,0.3696,0.3174,1.301,5.6581
Normal,Scenario B3 (GAWN Noise 0.3sigma),One-Step-Ahead Pre-Sequential,50,0.01,99.0,0.5,Cumulative Online,99.86,0.07,0.07,9.3813,0.3881,0.3706,1.301,5.6581
Normal,Scenario B3 (GAWN Noise 0.3sigma),In-Sample Adaptation,50,0.01,99.0,0.5,Proposed RBULT,94.22,2.58,3.2,4.9631,0.0,0.0,1.301,0.9836
Normal,Scenario B3 (GAWN Noise 0.3sigma),One-Step-Ahead Pre-Sequential,50,0.01,99.0,0.5,Proposed RBULT,94.2,2.59,3.21,4.9626,0.0011,0.0064,1.301,0.9836
Normal,Scenario B3 (GAWN Noise 0.3sigma),In-Sample Adaptation,100,0.05,95.0,2.5,Traditional Offline,94.88,2.67,2.45,5.0806,0.0754,0.0727,1.301,0.3481
Normal,Scenario B3 (GAWN Noise 0.3sigma),One-Step-Ahead Pre-Sequential,100,0.05,95.0,2.5,Traditional Offline,94.82,2.7,2.48,5.0747,0.0753,0.0911,1.301,0.3481
Normal,Scenario B3 (GAWN Noise 0.3sigma),In-Sample Adaptation,100,0.05,95.0,2.5,Cumulative Online,100.0,0.0,0.0,9.4193,0.3476,0.3071,1.301,7.7557
Normal,Scenario B3 (GAWN Noise 0.3sigma),One-Step-Ahead Pre-Sequential,100,0.05,95.0,2.5,Cumulative Online,99.81,0.08,0.11,9.3626,0.3866,0.4297,1.301,7.7557
Normal,Scenario B3 (GAWN Noise 0.3sigma),In-Sample Adaptation,100,0.05,95.0,2.5,Proposed RBULT,96.32,0.49,3.19,5.8233,0.0,0.0,1.3022,1.0726
Normal,Scenario B3 (GAWN Noise 0.3sigma),One-Step-Ahead Pre-Sequential,100,0.05,95.0,2.5,Proposed RBULT,96.26,0.52,3.22,5.8104,0.0883,0.0394,1.3021,1.0726
Normal,Scenario B3 (GAWN Noise 0.3sigma),In-Sample Adaptation,100,0.01,99.0,0.5,Traditional Offline,98.93,0.54,0.53,6.6966,0.1383,0.1189,1.301,0.3448
Normal,Scenario B3 (GAWN Noise 0.3sigma),One-Step-Ahead Pre-Sequential,100,0.01,99.0,0.5,Traditional Offline,98.79,0.59,0.62,6.6812,0.1426,0.1623,1.301,0.3448
Normal,Scenario B3 (GAWN Noise 0.3sigma),In-Sample Adaptation,100,0.01,99.0,0.5,Cumulative Online,100.0,0.0,0.0,9.4194,0.3476,0.3067,1.301,7.8571
Normal,Scenario B3 (GAWN Noise 0.3sigma),One-Step-Ahead Pre-Sequential,100,0.01,99.0,0.5,Cumulative Online,99.85,0.06,0.09,9.3696,0.3662,0.4147,1.301,7.8571
Normal,Scenario B3 (GAWN Noise 0.3sigma),In-Sample Adaptation,100,0.01,99.0,0.5,Proposed RBULT,96.34,0.49,3.17,5.8294,0.0,0.0,1.3035,1.075
Normal,Scenario B3 (GAWN Noise 0.3sigma),One-Step-Ahead Pre-Sequential,100,0.01,99.0,0.5,Proposed RBULT,96.32,0.5,3.18,5.8235,0.0405,0.0186,1.3035,1.075
Normal,Scenario B3 (GAWN Noise 0.3sigma),In-Sample Adaptation,500,0.05,95.0,2.5,Traditional Offline,94.89,2.7,2.41,5.0863,0.0755,0.0462,1.301,0.3676
Normal,Scenario B3 (GAWN Noise 0.3sigma),One-Step-Ahead Pre-Sequential,500,0.05,95.0,2.5,Traditional Offline,94.8,2.78,2.42,5.0791,0.0807,0.0472,1.301,0.3676
Normal,Scenario B3 (GAWN Noise 0.3sigma),In-Sample Adaptation,500,0.05,95.0,2.5,Cumulative Online,100.0,0.0,0.0,9.495,0.3392,0.0414,1.3015,37.8801
Normal,Scenario B3 (GAWN Noise 0.3sigma),One-Step-Ahead Pre-Sequential,500,0.05,95.0,2.5,Cumulative Online,99.69,0.17,0.14,9.2338,0.5307,0.538,1.3015,37.8801
Normal,Scenario B3 (GAWN Noise 0.3sigma),In-Sample Adaptation,500,0.05,95.0,2.5,Proposed RBULT,99.19,0.48,0.33,6.9753,0.0,0.0,1.3012,9.9144
Normal,Scenario B3 (GAWN Noise 0.3sigma),One-Step-Ahead Pre-Sequential,500,0.05,95.0,2.5,Proposed RBULT,98.96,0.6,0.44,6.8759,0.2297,0.2037,1.3012,9.9144
Normal,Scenario B3 (GAWN Noise 0.3sigma),In-Sample Adaptation,500,0.01,99.0,0.5,Traditional Offline,98.93,0.55,0.52,6.7161,0.1247,0.0277,1.301,0.3694
Normal,Scenario B3 (GAWN Noise 0.3sigma),One-Step-Ahead Pre-Sequential,500,0.01,99.0,0.5,Traditional Offline,98.87,0.59,0.54,6.69,0.1609,0.0277,1.301,0.3694
Normal,Scenario B3 (GAWN Noise 0.3sigma),In-Sample Adaptation,500,0.01,99.0,0.5,Cumulative Online,100.0,0.0,0.0,9.4945,0.3383,0.0414,1.3015,37.9008
Normal,Scenario B3 (GAWN Noise 0.3sigma),One-Step-Ahead Pre-Sequential,500,0.01,99.0,0.5,Cumulative Online,99.89,0.07,0.04,9.2966,0.4417,0.3748,1.3015,37.9008
Normal,Scenario B3 (GAWN Noise 0.3sigma),In-Sample Adaptation,500,0.01,99.0,0.5,Proposed RBULT,99.19,0.48,0.33,6.9663,0.0,0.0,1.3001,9.9376
Normal,Scenario B3 (GAWN Noise 0.3sigma),One-Step-Ahead Pre-Sequential,500,0.01,99.0,0.5,Proposed RBULT,99.16,0.5,0.34,6.9307,0.1178,0.0375,1.3002,9.9376
Normal,Scenario C1 (Impulse Spikes 1%),In-Sample Adaptation,50,0.05,95.0,2.5,Traditional Offline,94.97,2.69,2.34,4.1054,0.0728,0.1495,1.0521,0.3462
Normal,Scenario C1 (Impulse Spikes 1%),One-Step-Ahead Pre-Sequential,50,0.05,95.0,2.5,Traditional Offline,94.9,2.72,2.38,4.1147,0.0733,0.2063,1.0552,0.3462
Normal,Scenario C1 (Impulse Spikes 1%),In-Sample Adaptation,50,0.05,95.0,2.5,Cumulative Online,100.0,0.0,0.0,11.6546,0.565,0.1664,1.6117,7.0353
Normal,Scenario C1 (Impulse Spikes 1%),One-Step-Ahead Pre-Sequential,50,0.05,95.0,2.5,Cumulative Online,99.82,0.11,0.07,11.6245,0.6272,0.2091,1.6124,7.0353
Normal,Scenario C1 (Impulse Spikes 1%),In-Sample Adaptation,50,0.05,95.0,2.5,Proposed RBULT,93.27,3.07,3.66,3.8211,0.0,0.0,0.9999,0.9846
Normal,Scenario C1 (Impulse Spikes 1%),One-Step-Ahead Pre-Sequential,50,0.05,95.0,2.5,Proposed RBULT,93.25,3.09,3.66,3.8319,0.0057,0.1584,1.0032,0.9846
Normal,Scenario C1 (Impulse Spikes 1%),In-Sample Adaptation,50,0.01,99.0,0.5,Traditional Offline,98.97,0.59,0.44,7.5698,0.5472,0.4152,1.4722,0.3466
Normal,Scenario C1 (Impulse Spikes 1%),One-Step-Ahead Pre-Sequential,50,0.01,99.0,0.5,Traditional Offline,98.91,0.64,0.45,7.5639,0.5563,0.4178,1.4731,0.3466
Normal,Scenario C1 (Impulse Spikes 1%),In-Sample Adaptation,50,0.01,99.0,0.5,Cumulative Online,100.0,0.0,0.0,11.6546,0.565,0.1664,1.6117,7.0386
Normal,Scenario C1 (Impulse Spikes 1%),One-Step-Ahead Pre-Sequential,50,0.01,99.0,0.5,Cumulative Online,99.84,0.1,0.06,11.6284,0.6251,0.1835,1.6127,7.0386
Normal,Scenario C1 (Impulse Spikes 1%),In-Sample Adaptation,50,0.01,99.0,0.5,Proposed RBULT,93.25,3.07,3.68,3.8181,0.0,0.0,1.0009,0.9821
Normal,Scenario C1 (Impulse Spikes 1%),One-Step-Ahead Pre-Sequential,50,0.01,99.0,0.5,Proposed RBULT,93.25,3.08,3.67,3.8328,0.001,0.208,1.0048,0.9821
Normal,Scenario C1 (Impulse Spikes 1%),In-Sample Adaptation,100,0.05,95.0,2.5,Traditional Offline,95.02,2.65,2.33,4.0934,0.0727,0.0477,1.0482,0.3475
Normal,Scenario C1 (Impulse Spikes 1%),One-Step-Ahead Pre-Sequential,100,0.05,95.0,2.5,Traditional Offline,94.89,2.71,2.4,4.0888,0.0729,0.0593,1.0483,0.3475
Normal,Scenario C1 (Impulse Spikes 1%),In-Sample Adaptation,100,0.05,95.0,2.5,Cumulative Online,100.0,0.0,0.0,11.6765,0.4972,0.165,1.6128,13.2222
Normal,Scenario C1 (Impulse Spikes 1%),One-Step-Ahead Pre-Sequential,100,0.05,95.0,2.5,Cumulative Online,99.82,0.1,0.08,11.5931,0.626,0.4476,1.611,13.2222
Normal,Scenario C1 (Impulse Spikes 1%),In-Sample Adaptation,100,0.05,95.0,2.5,Proposed RBULT,95.32,0.98,3.7,4.472,0.0,0.0,1.0,0.9592
Normal,Scenario C1 (Impulse Spikes 1%),One-Step-Ahead Pre-Sequential,100,0.05,95.0,2.5,Proposed RBULT,95.28,1.01,3.71,4.4639,0.0679,0.0129,1.0004,0.9592
Normal,Scenario C1 (Impulse Spikes 1%),In-Sample Adaptation,100,0.01,99.0,0.5,Traditional Offline,99.0,0.56,0.44,7.5784,0.5369,0.4112,1.4724,0.3459
Normal,Scenario C1 (Impulse Spikes 1%),One-Step-Ahead Pre-Sequential,100,0.01,99.0,0.5,Traditional Offline,98.92,0.63,0.45,7.5701,0.5469,0.4161,1.4741,0.3459
Normal,Scenario C1 (Impulse Spikes 1%),In-Sample Adaptation,100,0.01,99.0,0.5,Cumulative Online,100.0,0.0,0.0,11.6765,0.4972,0.165,1.6128,13.2659
Normal,Scenario C1 (Impulse Spikes 1%),One-Step-Ahead Pre-Sequential,100,0.01,99.0,0.5,Cumulative Online,99.86,0.08,0.06,11.6275,0.6043,0.1986,1.6146,13.2659
Normal,Scenario C1 (Impulse Spikes 1%),In-Sample Adaptation,100,0.01,99.0,0.5,Proposed RBULT,95.32,0.98,3.7,4.472,0.0,0.0,1.0,0.9596
Normal,Scenario C1 (Impulse Spikes 1%),One-Step-Ahead Pre-Sequential,100,0.01,99.0,0.5,Proposed RBULT,95.32,0.99,3.69,4.4983,0.0311,0.2923,1.0069,0.9596
Normal,Scenario C1 (Impulse Spikes 1%),In-Sample Adaptation,500,0.05,95.0,2.5,Traditional Offline,95.0,2.65,2.35,4.0981,0.0704,0.0298,1.0483,0.3785
Normal,Scenario C1 (Impulse Spikes 1%),One-Step-Ahead Pre-Sequential,500,0.05,95.0,2.5,Traditional Offline,94.92,2.71,2.37,4.0947,0.073,0.0321,1.0489,0.3785
Normal,Scenario C1 (Impulse Spikes 1%),In-Sample Adaptation,500,0.05,95.0,2.5,Cumulative Online,100.0,0.0,0.0,11.7633,0.2055,0.1211,1.6124,43.6587
Normal,Scenario C1 (Impulse Spikes 1%),One-Step-Ahead Pre-Sequential,500,0.05,95.0,2.5,Cumulative Online,99.65,0.19,0.16,11.3661,0.8776,0.832,1.6021,43.6587
Normal,Scenario C1 (Impulse Spikes 1%),In-Sample Adaptation,500,0.05,95.0,2.5,Proposed RBULT,98.82,0.54,0.64,6.3352,0.0,0.0,1.1818,9.917
Normal,Scenario C1 (Impulse Spikes 1%),One-Step-Ahead Pre-Sequential,500,0.05,95.0,2.5,Proposed RBULT,98.63,0.65,0.72,6.2212,0.2888,0.2082,1.1773,9.917
Normal,Scenario C1 (Impulse Spikes 1%),In-Sample Adaptation,500,0.01,99.0,0.5,Traditional Offline,98.99,0.56,0.45,7.6388,0.5514,0.4079,1.4798,0.3641
Normal,Scenario C1 (Impulse Spikes 1%),One-Step-Ahead Pre-Sequential,500,0.01,99.0,0.5,Traditional Offline,98.96,0.61,0.43,7.6282,0.5617,0.4338,1.4835,0.3641
Normal,Scenario C1 (Impulse Spikes 1%),In-Sample Adaptation,500,0.01,99.0,0.5,Cumulative Online,100.0,0.0,0.0,11.7628,0.2055,0.1219,1.6124,39.5509
Normal,Scenario C1 (Impulse Spikes 1%),One-Step-Ahead Pre-Sequential,500,0.01,99.0,0.5,Cumulative Online,99.85,0.09,0.06,11.5486,0.6637,0.2748,1.6168,39.5509
Normal,Scenario C1 (Impulse Spikes 1%),In-Sample Adaptation,500,0.01,99.0,0.5,Proposed RBULT,98.82,0.54,0.64,6.3349,0.0,0.0,1.1823,9.8914
Normal,Scenario C1 (Impulse Spikes 1%),One-Step-Ahead Pre-Sequential,500,0.01,99.0,0.5,Proposed RBULT,98.83,0.55,0.62,6.404,0.0671,0.3681,1.2014,9.8914
Normal,Scenario C2 (Impulse Spikes 5%),In-Sample Adaptation,50,0.05,95.0,2.5,Traditional Offline,95.2,2.42,2.38,7.3131,0.3836,0.6343,1.8741,0.3602
Normal,Scenario C2 (Impulse Spikes 5%),One-Step-Ahead Pre-Sequential,50,0.05,95.0,2.5,Traditional Offline,95.12,2.48,2.4,7.3116,0.4119,0.6438,1.875,0.3602
Normal,Scenario C2 (Impulse Spikes 5%),In-Sample Adaptation,50,0.05,95.0,2.5,Cumulative Online,100.0,0.0,0.0,11.9865,0.1039,0.0141,1.6576,3.9947
Normal,Scenario C2 (Impulse Spikes 5%),One-Step-Ahead Pre-Sequential,50,0.05,95.0,2.5,Cumulative Online,99.88,0.07,0.05,11.9603,0.3031,0.0835,1.659,3.9947
Normal,Scenario C2 (Impulse Spikes 5%),In-Sample Adaptation,50,0.05,95.0,2.5,Proposed RBULT,98.11,1.83,0.06,10.5812,0.0,0.0,2.7689,0.4794
Normal,Scenario C2 (Impulse Spikes 5%),One-Step-Ahead Pre-Sequential,50,0.05,95.0,2.5,Proposed RBULT,98.07,1.85,0.08,10.5622,0.1869,0.0811,2.7653,0.4794
Normal,Scenario C2 (Impulse Spikes 5%),In-Sample Adaptation,50,0.01,99.0,0.5,Traditional Offline,99.01,0.46,0.53,11.3252,0.136,0.0431,2.2025,0.344
Normal,Scenario C2 (Impulse Spikes 5%),One-Step-Ahead Pre-Sequential,50,0.01,99.0,0.5,Traditional Offline,98.96,0.51,0.53,11.3168,0.1847,0.0437,2.204,0.344
Normal,Scenario C2 (Impulse Spikes 5%),In-Sample Adaptation,50,0.01,99.0,0.5,Cumulative Online,100.0,0.0,0.0,11.9867,0.1038,0.0141,1.6576,3.7782
Normal,Scenario C2 (Impulse Spikes 5%),One-Step-Ahead Pre-Sequential,50,0.01,99.0,0.5,Cumulative Online,99.9,0.06,0.04,11.9748,0.1771,0.0253,1.6607,3.7782
Normal,Scenario C2 (Impulse Spikes 5%),In-Sample Adaptation,50,0.01,99.0,0.5,Proposed RBULT,98.11,1.83,0.06,10.5812,0.0,0.0,2.7737,0.4798
Normal,Scenario C2 (Impulse Spikes 5%),One-Step-Ahead Pre-Sequential,50,0.01,99.0,0.5,Proposed RBULT,98.09,1.84,0.07,10.5766,0.0456,0.0198,2.7728,0.4798
Normal,Scenario C2 (Impulse Spikes 5%),In-Sample Adaptation,100,0.05,95.0,2.5,Traditional Offline,95.23,2.4,2.37,7.3121,0.3712,0.6284,1.8724,0.3484
Normal,Scenario C2 (Impulse Spikes 5%),One-Step-Ahead Pre-Sequential,100,0.05,95.0,2.5,Traditional Offline,95.2,2.4,2.4,7.3357,0.3749,0.6474,1.8807,0.3484
Normal,Scenario C2 (Impulse Spikes 5%),In-Sample Adaptation,100,0.05,95.0,2.5,Cumulative Online,100.0,0.0,0.0,12.0007,0.0291,0.0078,1.6576,4.7766
Normal,Scenario C2 (Impulse Spikes 5%),One-Step-Ahead Pre-Sequential,100,0.05,95.0,2.5,Cumulative Online,99.91,0.05,0.04,11.9748,0.141,0.1174,1.664,4.7766
Normal,Scenario C2 (Impulse Spikes 5%),In-Sample Adaptation,100,0.05,95.0,2.5,Proposed RBULT,97.61,1.68,0.71,10.1046,0.0,0.0,2.2595,1.9695
Normal,Scenario C2 (Impulse Spikes 5%),One-Step-Ahead Pre-Sequential,100,0.05,95.0,2.5,Proposed RBULT,97.57,1.7,0.73,10.0979,0.0054,0.0611,2.263,1.9695
Normal,Scenario C2 (Impulse Spikes 5%),In-Sample Adaptation,100,0.01,99.0,0.5,Traditional Offline,99.02,0.45,0.53,11.3322,0.0631,0.0447,2.2016,0.3463
Normal,Scenario C2 (Impulse Spikes 5%),One-Step-Ahead Pre-Sequential,100,0.01,99.0,0.5,Traditional Offline,99.0,0.47,0.53,11.3288,0.0778,0.046,2.2061,0.3463
Normal,Scenario C2 (Impulse Spikes 5%),In-Sample Adaptation,100,0.01,99.0,0.5,Cumulative Online,100.0,0.0,0.0,12.0008,0.0387,0.0044,1.6576,4.7629
Normal,Scenario C2 (Impulse Spikes 5%),One-Step-Ahead Pre-Sequential,100,0.01,99.0,0.5,Cumulative Online,99.95,0.03,0.02,11.9904,0.0813,0.0301,1.665,4.7629
Normal,Scenario C2 (Impulse Spikes 5%),In-Sample Adaptation,100,0.01,99.0,0.5,Proposed RBULT,97.63,1.67,0.7,10.1231,0.0,0.0,2.2637,1.9913
Normal,Scenario C2 (Impulse Spikes 5%),One-Step-Ahead Pre-Sequential,100,0.01,99.0,0.5,Proposed RBULT,97.63,1.67,0.7,10.1317,0.0605,0.025,2.2679,1.9913
Normal,Scenario C2 (Impulse Spikes 5%),In-Sample Adaptation,500,0.05,95.0,2.5,Traditional Offline,95.14,2.41,2.45,7.2163,0.3841,0.5506,1.8459,0.3629
Normal,Scenario C2 (Impulse Spikes 5%),One-Step-Ahead Pre-Sequential,500,0.05,95.0,2.5,Traditional Offline,95.18,2.39,2.43,7.3168,0.403,0.6162,1.8742,0.3629
Normal,Scenario C2 (Impulse Spikes 5%),In-Sample Adaptation,500,0.05,95.0,2.5,Cumulative Online,100.0,0.0,0.0,11.9999,0.0384,0.0127,1.6448,34.366
Normal,Scenario C2 (Impulse Spikes 5%),One-Step-Ahead Pre-Sequential,500,0.05,95.0,2.5,Cumulative Online,99.69,0.15,0.16,11.8525,0.3049,0.3324,1.6706,34.366
Normal,Scenario C2 (Impulse Spikes 5%),In-Sample Adaptation,500,0.05,95.0,2.5,Proposed RBULT,97.08,1.51,1.41,9.6724,0.0,0.0,1.8043,11.6224
Normal,Scenario C2 (Impulse Spikes 5%),One-Step-Ahead Pre-Sequential,500,0.05,95.0,2.5,Proposed RBULT,97.0,1.54,1.46,9.643,0.0464,0.0814,1.8248,11.6224
Normal,Scenario C2 (Impulse Spikes 5%),In-Sample Adaptation,500,0.01,99.0,0.5,Traditional Offline,99.02,0.45,0.53,11.3236,0.0516,0.0462,2.1936,0.365
Normal,Scenario C2 (Impulse Spikes 5%),One-Step-Ahead Pre-Sequential,500,0.01,99.0,0.5,Traditional Offline,99.02,0.45,0.53,11.3295,0.0542,0.0465,2.2033,0.365
Normal,Scenario C2 (Impulse Spikes 5%),In-Sample Adaptation,500,0.01,99.0,0.5,Cumulative Online,100.0,0.0,0.0,12.0023,0.0418,0.0121,1.6452,34.0777
Normal,Scenario C2 (Impulse Spikes 5%),One-Step-Ahead Pre-Sequential,500,0.01,99.0,0.5,Cumulative Online,99.89,0.05,0.06,11.9727,0.0585,0.0813,1.6761,34.0777
Normal,Scenario C2 (Impulse Spikes 5%),In-Sample Adaptation,500,0.01,99.0,0.5,Proposed RBULT,97.06,1.51,1.43,9.6642,0.0,0.0,1.8037,10.1905
Normal,Scenario C2 (Impulse Spikes 5%),One-Step-Ahead Pre-Sequential,500,0.01,99.0,0.5,Proposed RBULT,97.18,1.44,1.38,9.7531,0.2156,0.1719,1.8297,10.1905
Normal,Scenario C3 (Impulse Spikes 10%),In-Sample Adaptation,50,0.05,95.0,2.5,Traditional Offline,95.07,2.37,2.56,10.067,0.1097,0.1445,2.5799,0.3504
Normal,Scenario C3 (Impulse Spikes 10%),One-Step-Ahead Pre-Sequential,50,0.05,95.0,2.5,Traditional Offline,95.0,2.43,2.57,10.0693,0.1165,0.1607,2.5821,0.3504
Normal,Scenario C3 (Impulse Spikes 10%),In-Sample Adaptation,50,0.05,95.0,2.5,Cumulative Online,100.0,0.0,0.0,12.0052,0.0435,0.0107,1.6602,5.2582
Normal,Scenario C3 (Impulse Spikes 10%),One-Step-Ahead Pre-Sequential,50,0.05,95.0,2.5,Cumulative Online,99.88,0.07,0.05,11.9976,0.1109,0.0114,1.6642,5.2582
Normal,Scenario C3 (Impulse Spikes 10%),In-Sample Adaptation,50,0.05,95.0,2.5,Proposed RBULT,99.53,0.41,0.06,11.8534,0.0,0.0,3.1018,0.9824
Normal,Scenario C3 (Impulse Spikes 10%),One-Step-Ahead Pre-Sequential,50,0.05,95.0,2.5,Proposed RBULT,99.49,0.43,0.08,11.8466,0.092,0.0032,3.1015,0.9824
Normal,Scenario C3 (Impulse Spikes 10%),In-Sample Adaptation,50,0.01,99.0,0.5,Traditional Offline,99.01,0.44,0.55,11.6454,0.0246,0.0579,2.2648,0.3473
Normal,Scenario C3 (Impulse Spikes 10%),One-Step-Ahead Pre-Sequential,50,0.01,99.0,0.5,Traditional Offline,98.98,0.45,0.57,11.6449,0.0324,0.0593,2.2679,0.3473
Normal,Scenario C3 (Impulse Spikes 10%),In-Sample Adaptation,50,0.01,99.0,0.5,Cumulative Online,100.0,0.0,0.0,12.0101,0.0446,0.0105,1.6609,4.3176
Normal,Scenario C3 (Impulse Spikes 10%),One-Step-Ahead Pre-Sequential,50,0.01,99.0,0.5,Cumulative Online,99.92,0.04,0.04,12.0075,0.0554,0.0105,1.6652,4.3176
Normal,Scenario C3 (Impulse Spikes 10%),In-Sample Adaptation,50,0.01,99.0,0.5,Proposed RBULT,99.57,0.37,0.06,11.8597,0.0,0.0,3.1089,0.9825
Normal,Scenario C3 (Impulse Spikes 10%),One-Step-Ahead Pre-Sequential,50,0.01,99.0,0.5,Proposed RBULT,99.55,0.38,0.07,11.8581,0.0232,0.0002,3.1088,0.9825
Normal,Scenario C3 (Impulse Spikes 10%),In-Sample Adaptation,100,0.05,95.0,2.5,Traditional Offline,95.08,2.34,2.58,10.0656,0.0993,0.1301,2.5776,0.3508
Normal,Scenario C3 (Impulse Spikes 10%),One-Step-Ahead Pre-Sequential,100,0.05,95.0,2.5,Traditional Offline,95.05,2.38,2.57,10.0727,0.0991,0.1471,2.5824,0.3508
Normal,Scenario C3 (Impulse Spikes 10%),In-Sample Adaptation,100,0.05,95.0,2.5,Cumulative Online,100.0,0.0,0.0,12.0088,0.0435,0.0106,1.6587,6.7369
Normal,Scenario C3 (Impulse Spikes 10%),One-Step-Ahead Pre-Sequential,100,0.05,95.0,2.5,Cumulative Online,99.9,0.04,0.06,11.9958,0.1,0.038,1.667,6.7369
Normal,Scenario C3 (Impulse Spikes 10%),In-Sample Adaptation,100,0.05,95.0,2.5,Proposed RBULT,99.6,0.34,0.06,11.87,0.0,0.0,2.6543,1.9909
Normal,Scenario C3 (Impulse Spikes 10%),One-Step-Ahead Pre-Sequential,100,0.05,95.0,2.5,Proposed RBULT,99.54,0.37,0.09,11.8587,0.0775,0.0352,2.6576,1.9909
Normal,Scenario C3 (Impulse Spikes 10%),In-Sample Adaptation,100,0.01,99.0,0.5,Traditional Offline,99.03,0.43,0.54,11.6465,0.0124,0.0573,2.2627,0.35
Normal,Scenario C3 (Impulse Spikes 10%),One-Step-Ahead Pre-Sequential,100,0.01,99.0,0.5,Traditional Offline,99.01,0.44,0.55,11.6485,0.0122,0.06,2.2683,0.35
Normal,Scenario C3 (Impulse Spikes 10%),In-Sample Adaptation,100,0.01,99.0,0.5,Cumulative Online,100.0,0.0,0.0,12.0107,0.0451,0.0102,1.659,4.8889
Normal,Scenario C3 (Impulse Spikes 10%),One-Step-Ahead Pre-Sequential,100,0.01,99.0,0.5,Cumulative Online,99.95,0.02,0.03,12.0088,0.0474,0.0102,1.6675,4.8889
Normal,Scenario C3 (Impulse Spikes 10%),In-Sample Adaptation,100,0.01,99.0,0.5,Proposed RBULT,99.58,0.36,0.06,11.8673,0.0,0.0,2.6537,2.0533
Normal,Scenario C3 (Impulse Spikes 10%),One-Step-Ahead Pre-Sequential,100,0.01,99.0,0.5,Proposed RBULT,99.56,0.37,0.07,11.8671,0.0015,0.0006,2.6563,2.0533
Normal,Scenario C3 (Impulse Spikes 10%),In-Sample Adaptation,500,0.05,95.0,2.5,Traditional Offline,94.99,2.37,2.64,10.0395,0.0978,0.0876,2.568,0.3711
Normal,Scenario C3 (Impulse Spikes 10%),One-Step-Ahead Pre-Sequential,500,0.05,95.0,2.5,Traditional Offline,95.03,2.36,2.61,10.0689,0.1182,0.1038,2.5792,0.3711
Normal,Scenario C3 (Impulse Spikes 10%),In-Sample Adaptation,500,0.05,95.0,2.5,Cumulative Online,100.0,0.0,0.0,12.0084,0.0429,0.0111,1.646,39.5793
Normal,Scenario C3 (Impulse Spikes 10%),One-Step-Ahead Pre-Sequential,500,0.05,95.0,2.5,Cumulative Online,99.67,0.17,0.16,11.9372,0.1325,0.1786,1.6826,39.5793
Normal,Scenario C3 (Impulse Spikes 10%),In-Sample Adaptation,500,0.05,95.0,2.5,Proposed RBULT,99.59,0.35,0.06,11.8673,0.0,0.0,2.2137,10.477
Normal,Scenario C3 (Impulse Spikes 10%),One-Step-Ahead Pre-Sequential,500,0.05,95.0,2.5,Proposed RBULT,99.33,0.48,0.19,11.8046,0.0975,0.1758,2.2339,10.477
Normal,Scenario C3 (Impulse Spikes 10%),In-Sample Adaptation,500,0.01,99.0,0.5,Traditional Offline,98.96,0.45,0.59,11.6414,0.0134,0.0535,2.2551,0.368
Normal,Scenario C3 (Impulse Spikes 10%),One-Step-Ahead Pre-Sequential,500,0.01,99.0,0.5,Traditional Offline,98.98,0.44,0.58,11.6483,0.0117,0.0616,2.2653,0.368
Normal,Scenario C3 (Impulse Spikes 10%),In-Sample Adaptation,500,0.01,99.0,0.5,Cumulative Online,100.0,0.0,0.0,12.0073,0.0426,0.0111,1.6459,35.8907
Normal,Scenario C3 (Impulse Spikes 10%),One-Step-Ahead Pre-Sequential,500,0.01,99.0,0.5,Cumulative Online,99.89,0.05,0.06,11.9946,0.0555,0.017,1.6792,35.8907
Normal,Scenario C3 (Impulse Spikes 10%),In-Sample Adaptation,500,0.01,99.0,0.5,Proposed RBULT,99.58,0.36,0.06,11.8656,0.0,0.0,2.2145,10.4186
Normal,Scenario C3 (Impulse Spikes 10%),One-Step-Ahead Pre-Sequential,500,0.01,99.0,0.5,Proposed RBULT,99.52,0.39,0.09,11.8614,0.0076,0.0107,2.2252,10.4186
